EmployeeID,Age,Gender,Department,Role,Education,YearsAtCompany,MonthlyIncome,JobSatisfaction,WorkLifeBalance,PerformanceRating,OvertimeHours,TrainingHours,PromotionLast5Years,RemoteWorkDaysPerWeek,ManagerRating,AbsenteeismDays,Attrition
EMP1000,59,Female,Operations,Analyst,Bachelor,16,67818,5,2,5,29,25,0,1,3,10,No
EMP1001,49,Male,Sales,Associate,Bachelor,16,125422,2,1,4,2,21,1,3,5,13,No
EMP1002,35,Male,Sales,Engineer,Diploma,3,96927,5,4,2,6,20,0,2,3,2,No
EMP1003,28,Male,Finance,Executive,MBA,20,104465,5,3,1,8,0,0,1,2,13,No
EMP1004,41,Male,HR,Associate,Bachelor,7,138221,5,1,3,40,36,0,5,3,10,No
EMP1005,59,Male,Support,Analyst,Bachelor,4,62333,2,1,2,12,76,0,5,3,3,Yes
EMP1006,39,Female,Operations,Manager,PhD,15,151457,4,2,1,14,45,0,4,5,16,No
EMP1007,43,Male,Operations,Manager,PhD,3,41576,2,4,1,4,8,0,0,1,15,No
EMP1008,31,Female,Sales,Engineer,Bachelor,14,144875,5,3,1,28,16,1,0,4,2,Yes
EMP1009,31,Male,HR,Executive,Diploma,11,64405,3,4,2,34,46,0,3,3,9,No
EMP1010,44,Female,Finance,Executive,Bachelor,4,119000,1,2,3,26,58,1,0,4,20,No
EMP1011,56,Female,HR,Executive,Master,15,56601,5,5,3,26,53,0,4,3,14,No
EMP1012,44,Male,IT,Associate,MBA,13,92946,3,1,1,7,11,0,5,5,7,Yes
EMP1013,23,Female,HR,Engineer,Diploma,9,77116,4,3,2,31,63,0,1,5,17,No
EMP1014,42,Male,IT,Executive,Master,6,129186,5,5,1,19,5,0,1,3,2,No
EMP1015,22,Other,IT,Associate,Diploma,12,87894,3,2,5,9,52,0,5,5,6,No
EMP1016,44,Male,Finance,Manager,Master,19,32465,5,4,3,12,15,0,2,5,9,No
EMP1017,50,Male,Support,Analyst,MBA,4,81754,2,1,4,28,4,1,5,3,19,No
EMP1018,58,Male,Sales,Associate,MBA,2,117850,3,3,1,34,72,1,1,1,8,No
EMP1019,22,Other,HR,Manager,PhD,14,134765,2,5,5,7,45,0,3,3,13,No
EMP1020,41,Female,IT,Manager,Master,3,117691,2,5,3,28,13,0,4,1,13,Yes
EMP1021,53,Female,HR,Analyst,PhD,14,63871,3,1,2,30,43,0,5,5,10,No
EMP1022,32,Male,Support,Manager,Master,13,54511,1,4,3,40,62,0,2,1,0,Yes
EMP1023,42,Female,Sales,Engineer,PhD,19,105960,3,2,2,29,51,0,3,5,3,No
EMP1024,45,Male,Support,Analyst,MBA,18,90776,1,4,2,21,25,0,5,1,5,No
EMP1025,47,Female,Sales,Manager,Diploma,12,69462,5,4,1,20,52,1,3,1,4,No
EMP1026,48,Male,Operations,Specialist,PhD,9,57574,5,4,1,11,28,1,5,3,2,No
EMP1027,36,Male,Sales,Associate,Master,20,127072,3,1,3,10,18,0,3,1,1,No
EMP1028,35,Male,Finance,Manager,Master,4,178885,5,1,5,1,46,0,0,5,2,No
EMP1029,23,Male,Support,Engineer,MBA,19,103282,4,2,3,40,7,0,3,3,8,No
EMP1030,57,Female,IT,Executive,Master,19,134779,2,4,4,1,22,1,0,1,18,Yes
EMP1031,27,Male,Operations,Manager,Bachelor,5,43557,2,1,2,33,34,0,1,3,18,No
EMP1032,41,Female,Finance,Executive,Diploma,3,97104,1,2,2,2,52,0,0,4,16,Yes
EMP1033,29,Male,HR,Specialist,PhD,1,162152,5,2,1,15,57,1,3,3,17,No
EMP1034,59,Female,Support,Manager,Diploma,15,169926,1,4,5,3,4,0,4,4,10,No
EMP1035,38,Male,IT,Analyst,MBA,17,147013,2,3,1,22,15,0,4,4,11,No
EMP1036,24,Male,Sales,Executive,PhD,4,66081,2,4,4,19,16,0,1,3,2,Yes
EMP1037,45,Female,IT,Specialist,PhD,3,160440,5,3,3,24,31,0,3,5,17,No
EMP1038,34,Male,HR,Analyst,Bachelor,12,144181,4,2,3,29,51,0,0,5,5,No
EMP1039,29,Male,Operations,Analyst,MBA,18,52094,4,1,5,17,19,0,4,5,6,No
EMP1040,46,Female,Operations,Analyst,Master,1,91766,5,5,1,10,65,0,5,2,0,No
EMP1041,22,Female,Support,Analyst,Bachelor,12,108053,5,2,1,28,0,0,2,4,5,Yes
EMP1042,40,Male,Operations,Manager,Bachelor,10,26301,1,1,4,16,57,1,3,3,17,No
EMP1043,48,Male,Support,Associate,Diploma,3,106463,5,2,3,25,43,0,5,5,12,No
EMP1044,27,Female,Support,Manager,Diploma,19,49466,4,4,1,22,5,0,5,5,18,No
EMP1045,28,Male,Support,Manager,Diploma,19,51081,5,3,5,19,49,0,3,3,6,No
EMP1046,55,Male,Sales,Specialist,Bachelor,14,49354,1,2,3,1,71,1,2,4,18,No
EMP1047,34,Male,Finance,Specialist,Master,3,118297,1,1,4,23,19,1,4,3,8,Yes
EMP1048,37,Female,Support,Associate,PhD,8,43300,1,4,5,30,13,0,2,2,2,No
EMP1049,56,Female,Support,Specialist,Diploma,6,89384,1,5,2,26,4,0,1,2,11,No
EMP1050,24,Male,Finance,Engineer,Master,18,120027,3,4,4,1,40,1,0,3,19,No
EMP1051,22,Male,IT,Associate,MBA,18,146684,5,3,5,13,39,0,0,4,17,No
EMP1052,26,Male,Support,Specialist,Diploma,5,85892,2,4,1,3,33,0,5,5,7,No
EMP1053,24,Female,Sales,Associate,PhD,5,60525,5,5,2,12,79,1,4,2,8,Yes
EMP1054,49,Male,Operations,Manager,MBA,19,31464,3,1,4,35,44,0,2,2,12,No
EMP1055,38,Male,Operations,Manager,MBA,14,41562,1,2,1,34,70,1,5,4,7,Yes
EMP1056,46,Female,HR,Associate,PhD,14,132392,3,3,2,7,79,1,3,2,9,No
EMP1057,54,Male,HR,Engineer,Diploma,19,80514,4,5,3,1,70,0,5,2,16,No
EMP1058,30,Female,Operations,Engineer,Bachelor,8,138428,4,3,1,5,26,1,3,4,6,Yes
EMP1059,56,Male,Operations,Associate,PhD,3,137564,5,4,5,30,77,1,3,3,16,No
EMP1060,34,Male,Sales,Specialist,PhD,17,133047,5,3,4,9,77,0,1,5,17,No
EMP1061,51,Male,Finance,Executive,PhD,17,57634,2,5,2,20,43,0,1,5,1,No
EMP1062,35,Female,HR,Engineer,MBA,4,25060,2,2,1,9,32,0,3,2,2,No
EMP1063,28,Female,Finance,Analyst,Master,19,34269,4,2,3,22,32,0,4,5,18,No
EMP1064,34,Female,Sales,Manager,Bachelor,10,48065,1,3,4,2,43,1,1,3,0,Yes
EMP1065,43,Male,Operations,Associate,Diploma,4,27895,3,1,4,31,19,0,1,2,20,No
EMP1066,41,Female,Support,Analyst,Diploma,3,105859,2,3,1,19,35,0,0,5,20,Yes
EMP1067,36,Male,Finance,Associate,Master,11,168424,2,4,3,9,6,0,5,1,9,No
EMP1068,38,Male,Operations,Manager,PhD,1,129127,1,2,2,28,31,1,0,1,20,Yes
EMP1069,44,Female,Operations,Manager,Bachelor,12,121426,1,2,1,40,66,0,4,1,13,No
EMP1070,46,Male,IT,Engineer,Diploma,9,36962,5,2,2,33,38,0,1,1,12,No
EMP1071,45,Male,Finance,Engineer,Diploma,8,58302,3,1,4,36,23,0,1,1,8,Yes
EMP1072,49,Male,Support,Analyst,PhD,9,110382,1,1,2,19,69,0,2,2,5,Yes
EMP1073,35,Male,Finance,Associate,Master,6,29011,2,5,3,7,53,0,4,4,5,Yes
EMP1074,21,Male,Operations,Manager,Bachelor,3,154716,2,3,5,6,37,0,5,4,18,No
EMP1075,45,Female,Support,Analyst,Master,18,44782,4,3,3,5,73,0,5,2,20,No
EMP1076,27,Male,Sales,Executive,Master,9,145654,1,4,2,10,79,0,5,2,9,No
EMP1077,29,Female,IT,Analyst,Bachelor,2,34196,5,2,1,17,74,1,4,3,2,No
EMP1078,44,Female,Operations,Specialist,Bachelor,20,68459,3,1,4,28,31,0,2,4,17,No
EMP1079,21,Male,HR,Analyst,Diploma,18,112245,5,4,5,24,44,0,2,1,20,No
EMP1080,28,Male,HR,Specialist,Diploma,20,103863,2,4,1,20,60,0,0,2,18,Yes
EMP1081,44,Male,IT,Specialist,Bachelor,1,148206,5,1,1,2,69,0,4,1,4,No
EMP1082,31,Female,Sales,Specialist,MBA,19,126010,2,3,3,17,52,0,4,4,10,No
EMP1083,37,Male,Operations,Executive,Diploma,9,57769,2,2,2,23,50,0,2,5,9,No
EMP1084,28,Female,Finance,Analyst,MBA,1,132529,2,3,3,37,75,0,3,5,16,No
EMP1085,55,Male,IT,Analyst,Bachelor,1,49700,2,4,2,9,55,0,3,2,3,Yes
EMP1086,55,Female,Sales,Executive,Diploma,16,30269,2,2,3,26,26,0,0,3,20,Yes
EMP1087,53,Male,Finance,Manager,Master,15,146631,4,5,1,11,37,1,3,1,17,Yes
EMP1088,25,Male,HR,Engineer,Bachelor,15,68880,5,4,4,6,61,0,3,2,17,No
EMP1089,59,Female,HR,Analyst,PhD,13,139003,4,3,2,16,17,0,3,3,0,No
EMP1090,48,Female,Finance,Engineer,MBA,6,164392,4,3,5,0,63,0,1,1,13,Yes
EMP1091,27,Male,IT,Associate,Bachelor,20,74589,1,3,5,25,76,0,0,4,7,No
EMP1092,29,Female,HR,Associate,Bachelor,10,60897,1,1,1,14,29,0,2,5,1,Yes
EMP1093,28,Female,Operations,Executive,Diploma,0,39380,1,4,3,32,48,0,3,3,18,No
EMP1094,32,Female,Support,Associate,Diploma,10,95934,3,2,3,36,40,0,5,1,14,No
EMP1095,54,Female,Finance,Associate,Diploma,20,80830,1,3,1,30,12,0,1,2,1,No
EMP1096,53,Male,Finance,Manager,PhD,3,30529,5,3,5,34,33,0,3,1,3,No
EMP1097,43,Male,HR,Manager,Diploma,6,119598,4,1,5,0,24,1,1,2,0,No
EMP1098,44,Male,IT,Manager,Bachelor,14,107987,5,2,3,7,65,0,0,5,18,No
EMP1099,57,Female,Operations,Associate,Diploma,17,74178,1,4,2,11,17,0,5,5,20,Yes
EMP1100,55,Female,IT,Executive,Master,11,163009,3,5,4,18,4,1,5,1,9,No
EMP1101,42,Male,Sales,Specialist,Diploma,16,146952,3,1,2,24,18,0,5,1,0,Yes
EMP1102,47,Male,Sales,Specialist,PhD,0,64886,4,4,5,31,41,0,3,2,19,No
EMP1103,55,Female,Support,Engineer,Master,10,74699,5,5,2,11,17,0,1,2,14,Yes
EMP1104,21,Other,HR,Specialist,Bachelor,0,101396,2,3,4,12,31,0,5,3,3,No
EMP1105,55,Female,HR,Specialist,Bachelor,14,115678,5,3,2,27,20,0,4,3,6,No
EMP1106,57,Male,HR,Manager,MBA,20,50279,1,2,2,0,9,1,4,3,6,No
EMP1107,34,Male,Support,Manager,Master,9,135776,2,5,2,5,36,0,1,1,17,No
EMP1108,23,Male,Sales,Associate,MBA,6,126444,3,3,2,7,48,0,3,3,12,No
EMP1109,21,Female,IT,Engineer,Master,1,131300,4,3,1,3,12,1,3,1,9,No
EMP1110,25,Male,Support,Analyst,Master,9,138793,4,2,5,4,54,1,0,5,7,No
EMP1111,46,Female,Support,Engineer,PhD,3,141278,3,4,4,24,16,0,0,4,9,No
EMP1112,34,Male,IT,Engineer,MBA,11,128247,1,3,5,21,8,0,5,5,13,Yes
EMP1113,59,Female,HR,Executive,PhD,18,33997,3,1,1,27,43,0,2,1,13,No
EMP1114,47,Female,Operations,Associate,Master,10,131102,1,1,1,38,77,0,0,1,19,Yes
EMP1115,29,Female,IT,Executive,Bachelor,7,110711,2,4,1,22,45,0,3,4,10,Yes
EMP1116,35,Male,Sales,Engineer,Master,17,141045,3,5,1,3,7,0,2,2,5,No
EMP1117,35,Male,Finance,Engineer,PhD,10,65860,1,2,2,3,36,1,0,2,20,Yes
EMP1118,46,Male,Finance,Engineer,MBA,10,28225,2,1,5,20,18,0,1,2,0,No
EMP1119,33,Female,Support,Specialist,MBA,12,135114,3,1,3,36,62,0,4,3,18,No
EMP1120,52,Female,Finance,Executive,PhD,2,138218,4,4,4,40,45,0,0,2,6,No
EMP1121,59,Female,Operations,Engineer,MBA,11,125764,3,5,1,1,70,0,0,3,17,No
EMP1122,52,Female,HR,Manager,Diploma,2,132041,5,5,5,6,25,0,1,3,2,No
EMP1123,24,Female,Sales,Associate,Bachelor,9,137224,3,4,1,15,45,0,3,2,19,No
EMP1124,50,Male,Operations,Associate,Bachelor,16,88656,5,1,1,16,45,1,5,2,10,Yes
EMP1125,57,Female,Sales,Manager,Bachelor,1,101290,2,2,1,19,74,0,1,4,4,No
EMP1126,43,Male,Sales,Associate,MBA,16,81633,3,1,1,22,13,0,5,4,18,Yes
EMP1127,59,Male,HR,Specialist,MBA,15,51655,2,5,1,33,62,0,0,3,20,Yes
EMP1128,35,Female,Support,Specialist,Master,1,146118,2,1,4,10,71,0,3,4,1,Yes
EMP1129,49,Male,Finance,Analyst,Master,19,28114,1,2,5,33,2,0,2,3,3,Yes
EMP1130,56,Male,HR,Analyst,Bachelor,5,51502,2,3,1,32,27,1,0,1,9,No
EMP1131,33,Female,Operations,Analyst,Diploma,9,74768,2,1,1,25,28,1,1,3,1,No
EMP1132,52,Male,Support,Associate,Master,9,73128,3,4,1,1,17,0,2,3,7,No
EMP1133,27,Female,Operations,Specialist,Master,7,176100,3,3,1,22,34,0,4,4,0,No
EMP1134,42,Male,Support,Specialist,MBA,0,108123,4,4,2,40,76,1,2,1,5,Yes
EMP1135,48,Male,Operations,Specialist,Diploma,12,133255,1,4,2,21,75,0,1,5,10,Yes
EMP1136,22,Male,HR,Manager,Bachelor,8,28174,2,4,3,33,46,0,2,5,9,Yes
EMP1137,26,Male,Support,Specialist,Master,9,142769,1,1,1,14,4,0,1,5,12,Yes
EMP1138,48,Female,Support,Manager,Diploma,14,60398,5,5,3,9,74,1,0,1,0,Yes
EMP1139,48,Male,Sales,Analyst,Diploma,4,160393,2,3,4,14,58,0,3,2,1,No
EMP1140,40,Female,Sales,Analyst,Bachelor,15,148549,1,2,3,28,74,1,4,1,2,No
EMP1141,50,Male,IT,Associate,Diploma,12,97635,4,5,5,22,58,1,3,4,8,No
EMP1142,31,Female,Operations,Analyst,Diploma,19,48760,4,1,2,16,46,0,3,3,4,No
EMP1143,48,Female,Sales,Associate,Diploma,17,167432,2,4,2,8,12,1,3,3,9,No
EMP1144,45,Female,IT,Engineer,Master,10,166385,5,2,1,35,77,1,1,4,9,Yes
EMP1145,59,Male,Sales,Engineer,Bachelor,8,155674,4,3,1,8,32,0,1,4,11,Yes
EMP1146,53,Male,Operations,Executive,Diploma,15,161873,4,5,4,15,61,0,4,3,17,No
EMP1147,21,Male,Support,Associate,Diploma,1,39130,5,5,4,35,78,0,1,2,20,No
EMP1148,47,Female,Finance,Executive,Master,1,170343,1,2,5,32,15,0,5,2,20,Yes
EMP1149,33,Male,Operations,Executive,Bachelor,11,172147,4,1,1,30,43,0,1,2,0,Yes
EMP1150,23,Female,HR,Engineer,MBA,7,132215,3,3,1,5,57,0,1,4,2,No
EMP1151,59,Female,Sales,Associate,Master,8,175056,4,2,4,9,5,0,1,3,4,Yes
EMP1152,26,Male,Sales,Engineer,Bachelor,11,113095,1,4,4,15,14,1,0,3,16,Yes
EMP1153,28,Female,Support,Executive,Diploma,8,85942,1,3,4,3,3,0,4,3,7,No
EMP1154,47,Male,HR,Associate,Bachelor,9,168933,2,5,2,21,55,0,5,1,16,No
EMP1155,29,Male,Support,Executive,Bachelor,1,123970,3,2,3,12,63,0,1,1,8,Yes
EMP1156,57,Female,HR,Specialist,Bachelor,15,107203,1,5,3,15,67,0,4,5,5,Yes
EMP1157,53,Female,Finance,Associate,MBA,19,177049,5,5,1,28,33,0,2,1,16,No
EMP1158,44,Female,Sales,Associate,Bachelor,6,113177,3,5,2,5,55,0,0,2,7,No
EMP1159,35,Male,Sales,Executive,MBA,1,97902,3,1,4,25,31,0,1,2,20,Yes
EMP1160,52,Male,Finance,Specialist,Diploma,0,117172,5,5,1,10,8,1,5,2,6,No
EMP1161,52,Female,IT,Manager,MBA,18,171702,4,4,2,23,62,1,0,2,6,No
EMP1162,44,Female,Support,Engineer,Diploma,3,45056,5,4,5,28,71,0,5,5,14,Yes
EMP1163,32,Female,Finance,Executive,Diploma,1,163454,5,3,2,2,77,1,0,2,6,No
EMP1164,59,Male,Support,Associate,MBA,13,80739,4,5,1,9,32,1,2,4,7,No
EMP1165,22,Female,Operations,Engineer,Master,1,106685,4,5,3,0,20,0,4,4,8,Yes
EMP1166,23,Male,Sales,Engineer,PhD,14,73639,4,2,4,25,54,1,0,4,14,No
EMP1167,57,Male,Support,Engineer,Bachelor,11,25992,4,1,5,11,75,1,3,1,1,No
EMP1168,37,Female,HR,Manager,PhD,4,97394,4,3,2,13,56,0,2,3,6,No
EMP1169,22,Male,Support,Analyst,Bachelor,19,92657,5,5,1,24,1,0,3,5,14,No
EMP1170,22,Female,Operations,Executive,Bachelor,6,52160,2,2,1,7,12,0,2,4,17,No
EMP1171,48,Male,Sales,Analyst,Diploma,20,70156,2,1,4,3,3,0,3,4,17,Yes
EMP1172,43,Male,Finance,Analyst,Bachelor,9,111442,1,3,1,27,49,1,3,2,9,No
EMP1173,57,Female,Operations,Analyst,Bachelor,13,175644,2,3,1,6,47,0,5,4,17,Yes
EMP1174,52,Female,Sales,Engineer,MBA,13,142925,2,5,4,9,77,1,0,2,0,No
EMP1175,53,Female,Support,Specialist,PhD,4,29136,5,3,5,35,29,1,0,2,6,No
EMP1176,21,Female,IT,Engineer,MBA,17,86868,4,2,3,1,28,0,2,3,2,No
EMP1177,39,Female,IT,Engineer,Bachelor,13,107263,4,3,3,25,7,0,4,1,13,No
EMP1178,22,Female,HR,Associate,Diploma,1,57167,5,4,2,13,11,0,5,2,11,Yes
EMP1179,46,Female,Sales,Associate,MBA,11,135957,2,2,5,15,40,0,0,2,13,No
EMP1180,52,Male,IT,Analyst,MBA,5,40479,5,1,2,16,25,0,0,3,3,No
EMP1181,26,Female,Finance,Engineer,Master,3,144392,1,1,3,21,49,0,5,2,12,Yes
EMP1182,52,Male,Sales,Analyst,Bachelor,12,160895,4,5,4,3,1,0,1,5,15,Yes
EMP1183,24,Other,Finance,Associate,Diploma,3,44585,3,5,1,18,54,1,5,1,15,No
EMP1184,31,Female,Finance,Specialist,MBA,13,173344,1,4,3,1,55,0,0,5,4,No
EMP1185,37,Male,IT,Executive,MBA,15,51619,1,1,5,38,13,0,4,4,19,Yes
EMP1186,58,Female,Sales,Analyst,Diploma,3,100069,5,1,3,8,5,0,1,1,5,No
EMP1187,44,Female,Support,Specialist,Bachelor,0,64895,2,1,5,18,80,1,3,4,5,No
EMP1188,25,Male,Operations,Executive,Master,12,28720,4,1,5,15,60,0,5,2,17,Yes
EMP1189,54,Female,IT,Manager,MBA,3,44267,3,3,5,24,11,0,3,3,5,No
EMP1190,26,Female,IT,Analyst,Master,19,171768,1,2,2,17,12,1,1,5,6,No
EMP1191,42,Male,Support,Analyst,PhD,17,78364,3,2,4,22,18,0,1,4,15,No
EMP1192,31,Female,Sales,Manager,Bachelor,5,179417,2,4,3,20,43,0,1,2,8,No
EMP1193,36,Male,Sales,Manager,PhD,2,76567,2,3,4,10,58,0,2,5,12,Yes
EMP1194,53,Female,Finance,Analyst,PhD,12,116229,3,1,1,38,36,1,5,5,11,No
EMP1195,29,Other,Support,Manager,PhD,15,175457,4,1,3,40,24,0,4,4,18,No
EMP1196,26,Female,Support,Engineer,Bachelor,4,103518,2,5,4,3,15,0,4,2,0,No
EMP1197,36,Male,Sales,Executive,Bachelor,3,107844,3,5,4,24,37,0,3,3,7,Yes
EMP1198,49,Female,Finance,Executive,Diploma,20,115697,1,4,1,31,42,1,3,4,3,No
EMP1199,23,Female,IT,Executive,Master,7,82196,3,1,5,29,13,0,3,5,20,No
EMP1200,40,Male,HR,Engineer,Master,18,140600,3,4,3,25,5,0,5,5,18,No
EMP1201,56,Female,Operations,Manager,Diploma,13,125625,5,3,3,35,22,1,0,1,20,No
EMP1202,39,Male,IT,Specialist,Diploma,6,156567,2,2,1,33,59,0,3,2,4,No
EMP1203,46,Female,Sales,Manager,PhD,13,69755,4,1,5,8,11,1,1,1,16,No
EMP1204,23,Male,Operations,Analyst,Diploma,5,58324,4,3,3,11,12,1,3,3,2,No
EMP1205,39,Male,HR,Associate,MBA,11,103929,5,1,3,1,5,1,1,4,18,Yes
EMP1206,40,Male,HR,Executive,Master,15,157624,4,5,3,37,62,0,2,5,0,No
EMP1207,52,Female,Finance,Manager,Diploma,16,76272,3,4,5,4,37,0,0,2,0,No
EMP1208,27,Male,Operations,Specialist,MBA,12,99462,5,5,1,4,49,1,0,5,19,No
EMP1209,53,Female,Finance,Analyst,MBA,13,179961,1,2,3,21,51,1,5,1,8,No
EMP1210,59,Male,IT,Engineer,MBA,6,79675,2,5,4,4,39,0,5,1,4,No
EMP1211,38,Male,Support,Engineer,MBA,13,98591,2,1,5,3,7,1,4,4,6,No
EMP1212,21,Female,Support,Specialist,PhD,14,178706,2,5,2,8,60,0,2,2,5,No
EMP1213,31,Female,Support,Analyst,MBA,11,57363,3,1,1,28,7,0,5,2,16,Yes
EMP1214,48,Male,Operations,Executive,PhD,16,102004,1,2,4,21,33,0,1,4,16,Yes
EMP1215,45,Female,Support,Manager,PhD,8,65718,5,5,3,26,78,1,2,1,12,No
EMP1216,43,Female,IT,Analyst,MBA,14,138627,5,4,2,9,59,0,0,1,11,No
EMP1217,51,Female,Finance,Engineer,Master,11,51870,2,4,1,15,56,0,1,1,3,No
EMP1218,50,Male,Operations,Specialist,MBA,1,62394,1,4,5,9,45,1,2,5,7,Yes
EMP1219,55,Male,Finance,Specialist,MBA,4,77057,1,5,2,5,21,0,0,3,4,Yes
EMP1220,27,Female,Operations,Manager,MBA,12,104795,1,5,2,4,39,0,5,1,4,No
EMP1221,36,Male,Finance,Specialist,Master,19,105409,4,5,4,5,44,0,1,3,12,No
EMP1222,46,Female,HR,Specialist,Bachelor,7,38016,4,1,1,24,54,0,1,3,10,No
EMP1223,22,Female,Finance,Analyst,Bachelor,13,67137,2,2,4,3,50,0,0,2,7,No
EMP1224,21,Female,Support,Executive,PhD,14,156225,1,4,4,39,4,1,1,4,7,No
EMP1225,32,Female,HR,Manager,PhD,10,163925,1,1,3,31,12,0,5,5,0,Yes
EMP1226,25,Other,Finance,Analyst,Master,0,37379,5,4,5,34,27,1,5,3,12,No
EMP1227,57,Male,Operations,Executive,Diploma,20,171864,5,1,2,9,79,0,5,5,4,No
EMP1228,52,Female,Operations,Analyst,Bachelor,2,146169,2,5,1,33,61,0,0,2,20,No
EMP1229,29,Male,Operations,Associate,PhD,16,174172,1,4,5,35,23,0,3,1,7,Yes
EMP1230,55,Male,Sales,Analyst,Bachelor,18,151082,2,5,5,5,6,0,3,3,16,No
EMP1231,39,Female,IT,Specialist,Master,13,138089,5,4,1,15,37,0,1,4,12,No
EMP1232,36,Female,Operations,Executive,Master,7,36049,5,3,5,18,36,0,5,2,8,No
EMP1233,23,Other,HR,Manager,Diploma,12,156858,4,1,3,33,67,0,1,5,1,Yes
EMP1234,40,Female,Operations,Manager,Diploma,19,147784,2,3,5,24,41,0,0,1,18,No
EMP1235,44,Male,Sales,Executive,Master,2,72691,2,1,3,30,4,0,1,5,19,Yes
EMP1236,53,Male,Support,Specialist,PhD,4,82986,1,2,2,40,63,0,4,4,16,Yes
EMP1237,44,Female,HR,Engineer,Bachelor,8,179672,1,4,2,16,49,1,3,3,6,No
EMP1238,31,Male,Sales,Analyst,MBA,5,119774,4,2,4,29,14,0,1,4,2,No
EMP1239,28,Male,Support,Specialist,Diploma,1,175882,3,2,3,38,72,0,1,5,18,Yes
EMP1240,56,Male,HR,Associate,MBA,12,130315,3,1,2,30,52,1,2,5,18,No
EMP1241,58,Male,Finance,Executive,PhD,4,82204,3,3,5,18,24,1,1,4,8,No
EMP1242,40,Male,IT,Analyst,Diploma,7,45085,2,5,1,34,8,0,4,4,9,No
EMP1243,55,Male,IT,Manager,MBA,0,58980,2,1,1,28,37,0,3,4,13,Yes
EMP1244,45,Male,Sales,Engineer,PhD,19,81117,5,5,3,0,21,0,2,1,17,No
EMP1245,55,Male,Support,Associate,Bachelor,11,170213,2,2,4,3,48,0,0,5,14,No
EMP1246,45,Other,IT,Manager,PhD,10,165416,2,5,5,27,67,1,0,2,0,Yes
EMP1247,49,Male,Support,Executive,Diploma,6,40896,2,3,3,17,14,1,3,1,5,No
EMP1248,38,Male,Support,Analyst,Master,14,114353,4,1,1,25,64,0,0,1,14,Yes
EMP1249,38,Female,Sales,Executive,Bachelor,10,54813,2,3,3,39,53,1,4,1,5,No
EMP1250,22,Male,Sales,Analyst,MBA,15,90679,1,3,5,18,29,0,1,2,17,Yes
EMP1251,55,Female,Sales,Specialist,Diploma,2,166753,1,1,2,5,19,0,3,4,0,No
EMP1252,36,Female,IT,Engineer,Master,19,28228,5,3,5,0,32,1,2,5,2,No
EMP1253,56,Male,Sales,Specialist,PhD,13,160654,4,4,2,7,76,0,1,3,16,No
EMP1254,53,Male,IT,Specialist,Master,2,36397,1,4,2,32,6,1,0,3,15,Yes
EMP1255,24,Female,Sales,Executive,Diploma,0,62011,4,4,2,20,7,1,0,5,7,No
EMP1256,53,Female,Operations,Engineer,Diploma,20,104183,4,5,3,23,27,0,2,2,16,No
EMP1257,34,Male,Support,Analyst,Master,14,118254,5,3,1,24,44,0,4,3,7,No
EMP1258,41,Female,Sales,Analyst,PhD,0,67317,4,1,3,18,72,0,2,1,16,Yes
EMP1259,40,Male,HR,Associate,Master,16,127489,2,1,1,28,79,0,3,3,8,No
EMP1260,28,Other,Support,Manager,Diploma,1,65096,4,5,5,9,73,0,2,5,11,No
EMP1261,27,Male,Support,Associate,Diploma,19,78785,5,1,4,11,10,0,0,1,18,Yes
EMP1262,23,Female,Sales,Associate,MBA,5,77344,5,4,5,32,30,1,4,3,3,Yes
EMP1263,37,Female,Finance,Analyst,MBA,7,145382,5,3,3,6,11,0,4,5,20,No
EMP1264,53,Female,Sales,Executive,Bachelor,15,135489,1,1,3,16,77,0,5,2,10,No
EMP1265,32,Female,Support,Specialist,Diploma,18,36549,2,1,1,9,50,0,2,5,3,Yes
EMP1266,42,Male,HR,Specialist,MBA,0,50739,1,2,3,30,43,1,3,2,13,No
EMP1267,42,Male,Support,Specialist,Master,2,46209,3,2,2,5,49,0,0,1,13,Yes
EMP1268,50,Male,HR,Engineer,PhD,2,132051,2,2,3,16,16,0,1,5,5,Yes
EMP1269,58,Male,IT,Analyst,Master,4,40116,4,3,1,36,34,1,4,4,16,No
EMP1270,58,Female,Operations,Executive,PhD,11,45045,5,4,1,17,0,0,2,4,1,No
EMP1271,28,Male,Support,Engineer,MBA,11,60709,3,4,2,25,28,0,5,4,7,No
EMP1272,47,Male,Sales,Manager,Bachelor,19,68617,2,4,1,15,50,1,3,4,3,No
EMP1273,47,Other,IT,Executive,Master,12,144779,1,3,4,7,63,0,3,4,9,No
EMP1274,54,Female,Operations,Associate,Master,19,67919,5,3,5,23,3,1,0,2,6,No
EMP1275,41,Female,Sales,Executive,Master,8,108521,1,2,3,12,27,0,4,5,3,Yes
EMP1276,50,Other,Finance,Executive,PhD,6,31447,2,1,4,28,15,0,0,1,15,No
EMP1277,53,Male,Sales,Specialist,MBA,3,30499,2,5,3,31,62,1,5,4,13,Yes
EMP1278,48,Male,HR,Executive,Master,18,64041,3,5,4,23,75,0,1,4,15,No
EMP1279,53,Female,HR,Associate,Master,18,56315,4,1,3,15,52,1,1,1,8,No
EMP1280,25,Female,Finance,Associate,Bachelor,5,157371,1,2,2,10,16,1,1,1,3,Yes
EMP1281,39,Male,IT,Analyst,Bachelor,12,145506,3,1,1,31,39,1,3,4,5,Yes
EMP1282,24,Female,Operations,Executive,MBA,10,161066,5,1,1,5,12,1,4,2,0,No
EMP1283,55,Male,Sales,Specialist,MBA,12,163561,4,5,2,34,51,0,0,1,6,No
EMP1284,37,Male,HR,Executive,Diploma,12,116647,3,2,4,32,57,1,0,5,0,No
EMP1285,48,Female,IT,Manager,Bachelor,19,57355,1,3,5,17,36,0,5,5,18,No
EMP1286,50,Female,Finance,Manager,Diploma,14,98805,2,5,4,36,78,0,1,2,7,No
EMP1287,49,Female,Support,Specialist,PhD,20,93367,5,3,1,12,75,1,4,3,2,No
EMP1288,26,Male,HR,Analyst,Diploma,12,134906,1,2,5,9,60,0,4,2,0,No
EMP1289,55,Female,Finance,Analyst,Master,10,142409,4,1,3,36,78,0,5,4,0,No
EMP1290,57,Male,Sales,Associate,Diploma,18,102355,4,4,5,25,33,0,2,3,6,No
EMP1291,44,Male,Operations,Associate,MBA,7,141220,2,4,4,16,69,0,4,4,20,Yes
EMP1292,49,Female,HR,Engineer,PhD,19,112173,2,2,2,0,16,1,4,5,12,No
EMP1293,51,Female,HR,Specialist,Master,7,26996,5,4,3,24,19,0,0,1,0,No
EMP1294,55,Female,Sales,Executive,Diploma,9,69387,5,3,4,33,72,0,5,4,15,No
EMP1295,53,Female,Support,Specialist,PhD,15,28089,2,4,3,38,58,1,4,5,13,Yes
EMP1296,41,Female,IT,Engineer,PhD,18,123827,2,2,5,9,68,0,4,2,3,No
EMP1297,52,Female,Operations,Associate,Master,10,45659,4,2,1,19,32,0,0,4,11,Yes
EMP1298,43,Male,HR,Specialist,Diploma,12,70178,2,3,4,6,77,0,4,5,11,No
EMP1299,53,Male,Operations,Specialist,PhD,8,120965,3,4,2,15,16,0,0,1,16,Yes
EMP1300,23,Male,HR,Associate,PhD,19,106268,1,4,5,36,56,0,2,4,20,Yes
EMP1301,38,Male,Operations,Engineer,Bachelor,18,110042,2,1,4,28,0,1,3,5,14,No
EMP1302,45,Female,Finance,Associate,PhD,15,131471,5,5,2,11,12,0,0,4,9,No
EMP1303,51,Female,HR,Analyst,Bachelor,6,95111,3,2,4,16,26,1,0,1,2,No
EMP1304,23,Male,Operations,Executive,Diploma,18,125435,5,1,5,19,69,1,4,4,19,No
EMP1305,44,Male,IT,Associate,Diploma,11,114242,3,2,4,25,58,0,0,4,19,No
EMP1306,52,Female,Finance,Engineer,Diploma,14,138204,2,1,3,18,5,0,5,5,11,No
EMP1307,42,Male,Finance,Manager,MBA,13,178956,1,5,5,11,22,0,1,3,0,Yes
EMP1308,43,Female,IT,Analyst,Diploma,10,42199,5,1,4,20,9,0,1,4,0,No
EMP1309,22,Female,Operations,Manager,PhD,9,85038,3,2,1,33,50,1,2,3,9,No
EMP1310,47,Female,Sales,Associate,Master,10,82786,4,4,4,6,18,0,0,2,17,Yes
EMP1311,22,Female,IT,Analyst,Bachelor,5,134636,2,2,3,34,50,0,5,4,14,Yes
EMP1312,46,Female,Operations,Executive,MBA,1,74294,1,3,2,14,67,0,4,3,1,Yes
EMP1313,37,Male,IT,Associate,Diploma,10,168737,2,3,2,0,41,0,4,2,16,Yes
EMP1314,53,Female,IT,Executive,Diploma,18,25534,4,3,2,25,56,0,3,5,7,No
EMP1315,29,Female,HR,Specialist,Master,5,116828,1,3,1,34,67,0,2,4,8,No
EMP1316,59,Male,Operations,Manager,Master,13,61132,4,5,3,24,37,0,5,5,20,No
EMP1317,49,Female,Sales,Analyst,MBA,19,140720,2,4,5,14,61,0,5,2,19,No
EMP1318,46,Female,HR,Executive,Bachelor,5,61110,3,4,2,21,6,0,4,5,10,No
EMP1319,55,Female,IT,Engineer,Diploma,16,88580,2,2,3,5,70,1,3,5,5,No
EMP1320,45,Female,Support,Executive,MBA,9,178541,2,1,4,14,49,0,4,1,13,No
EMP1321,44,Female,IT,Engineer,PhD,0,89016,2,2,1,23,51,0,3,2,0,Yes
EMP1322,33,Female,IT,Associate,PhD,2,71233,5,2,3,20,25,0,1,5,6,No
EMP1323,27,Female,Operations,Analyst,MBA,7,154863,4,2,3,6,25,0,5,3,8,No
EMP1324,56,Female,Operations,Executive,Diploma,7,131311,4,2,5,28,18,1,1,2,10,No
EMP1325,40,Female,HR,Executive,MBA,19,59409,4,4,3,31,8,0,4,1,15,No
EMP1326,21,Female,Sales,Analyst,Diploma,14,175396,5,1,5,31,60,0,2,4,18,Yes
EMP1327,28,Female,HR,Executive,Master,6,164810,3,2,1,4,19,1,0,5,1,No
EMP1328,36,Male,Finance,Engineer,MBA,10,49054,2,4,1,3,49,1,2,3,14,No
EMP1329,34,Female,IT,Executive,Diploma,6,54709,3,2,4,21,79,0,2,1,2,No
EMP1330,32,Female,Support,Manager,MBA,3,134321,5,3,5,17,80,0,0,2,3,No
EMP1331,43,Male,IT,Associate,MBA,11,25363,4,2,5,34,21,1,5,5,19,No
EMP1332,35,Female,IT,Specialist,Diploma,5,35358,2,2,2,16,12,0,1,1,6,No
EMP1333,48,Male,HR,Engineer,Diploma,13,159312,1,5,2,23,11,1,1,1,11,Yes
EMP1334,54,Male,Support,Manager,Bachelor,11,70689,1,3,4,1,9,1,5,3,3,No
EMP1335,22,Female,Support,Associate,MBA,10,26936,3,1,1,12,64,1,0,4,9,No
EMP1336,52,Male,Support,Analyst,PhD,18,137272,4,2,2,14,29,0,3,4,5,No
EMP1337,43,Female,HR,Engineer,MBA,20,116074,1,1,3,4,7,1,2,4,13,No
EMP1338,42,Female,IT,Specialist,MBA,4,25882,3,3,1,2,20,0,4,2,2,No
EMP1339,45,Female,HR,Associate,Diploma,13,176296,5,2,3,36,21,1,1,1,16,Yes
EMP1340,42,Male,Operations,Specialist,MBA,20,130227,3,5,5,36,17,0,5,2,10,No
EMP1341,42,Male,Operations,Analyst,MBA,15,150865,3,4,1,36,65,0,4,1,9,No
EMP1342,26,Female,HR,Analyst,PhD,12,148745,3,5,4,2,47,0,0,3,20,No
EMP1343,35,Other,Support,Engineer,Diploma,19,53885,2,5,5,34,43,0,4,3,9,No
EMP1344,57,Female,IT,Executive,MBA,3,159275,3,4,5,22,8,0,4,2,9,No
EMP1345,53,Male,HR,Analyst,Master,10,158316,3,4,3,27,66,1,2,2,2,No
EMP1346,28,Female,HR,Associate,Bachelor,16,123322,2,4,5,29,53,0,0,3,14,No
EMP1347,25,Female,HR,Executive,PhD,6,93619,2,2,2,17,25,1,4,5,16,Yes
EMP1348,59,Female,Finance,Manager,MBA,13,46584,5,1,1,35,25,0,1,4,17,Yes
EMP1349,24,Male,Operations,Specialist,Master,10,33521,4,1,2,32,33,0,0,4,18,No
EMP1350,26,Female,Support,Executive,MBA,8,58541,1,4,3,25,7,0,1,3,18,No
EMP1351,52,Female,Sales,Specialist,MBA,12,54063,1,5,3,39,9,0,5,4,11,No
EMP1352,50,Other,Support,Executive,Diploma,17,95268,3,3,1,16,47,1,5,5,4,No
EMP1353,55,Male,Sales,Manager,Diploma,10,151218,5,4,5,39,54,0,3,5,15,No
EMP1354,36,Female,Finance,Analyst,Diploma,14,143206,3,5,4,6,53,0,5,1,14,Yes
EMP1355,33,Female,HR,Manager,Master,18,158639,1,5,3,7,77,0,4,2,14,Yes
EMP1356,50,Male,Finance,Analyst,MBA,0,172193,2,2,1,30,39,1,0,4,5,Yes
EMP1357,39,Female,Finance,Analyst,Bachelor,3,157746,4,2,4,11,14,0,5,5,11,No
EMP1358,37,Female,IT,Specialist,PhD,13,101411,5,1,5,30,80,0,1,2,1,No
EMP1359,39,Male,Operations,Associate,Diploma,13,134876,2,1,3,18,17,0,4,2,19,No
EMP1360,48,Male,Sales,Manager,Diploma,2,165399,4,3,1,9,22,0,5,1,8,No
EMP1361,46,Female,HR,Executive,MBA,16,48331,5,3,1,38,61,0,2,2,3,No
EMP1362,57,Male,Sales,Manager,MBA,2,48004,5,3,1,11,45,1,1,2,4,No
EMP1363,46,Female,Support,Specialist,Master,15,144243,1,3,3,19,38,0,1,3,20,Yes
EMP1364,43,Male,Sales,Analyst,Master,13,166564,2,5,4,36,14,0,3,1,7,No
EMP1365,29,Female,Support,Specialist,Diploma,19,169821,5,5,1,40,52,0,2,1,9,No
EMP1366,32,Male,Operations,Engineer,MBA,12,88217,5,1,5,6,63,0,3,4,6,No
EMP1367,21,Female,Support,Engineer,Bachelor,14,114044,4,2,1,13,62,0,5,2,13,No
EMP1368,21,Other,Sales,Executive,PhD,13,34045,1,2,4,10,79,1,2,4,4,Yes
EMP1369,54,Other,Sales,Specialist,MBA,18,45116,3,4,3,6,15,1,1,5,15,No
EMP1370,52,Female,Support,Executive,MBA,5,43667,1,5,1,28,69,1,3,2,14,Yes
EMP1371,45,Male,Finance,Executive,Master,9,100057,3,3,1,9,65,1,4,5,4,No
EMP1372,21,Female,Operations,Engineer,PhD,14,99205,2,3,5,28,12,0,2,3,2,No
EMP1373,36,Male,IT,Executive,Diploma,20,52302,2,4,5,8,46,0,1,2,9,No
EMP1374,59,Male,HR,Engineer,MBA,19,167355,5,2,1,35,8,0,0,4,4,No
EMP1375,25,Male,Sales,Analyst,Diploma,5,97534,2,3,1,9,62,0,2,4,14,Yes
EMP1376,42,Female,HR,Specialist,MBA,9,38440,5,2,5,18,33,0,2,2,17,No
EMP1377,49,Female,IT,Executive,Diploma,6,136001,1,4,4,30,80,0,5,4,7,No
EMP1378,23,Female,HR,Engineer,PhD,16,71501,2,2,2,16,28,0,4,2,20,No
EMP1379,32,Male,IT,Manager,Master,17,157341,1,2,2,8,36,1,5,1,1,No
EMP1380,46,Male,Support,Executive,PhD,16,32868,1,2,1,32,42,1,2,4,7,Yes
EMP1381,36,Other,Finance,Associate,Bachelor,8,102909,2,3,5,33,63,1,2,2,7,No
EMP1382,57,Male,Sales,Analyst,Master,9,109523,1,1,3,23,23,0,4,2,3,No
EMP1383,42,Male,IT,Analyst,PhD,9,40734,2,5,3,8,70,0,4,4,18,No
EMP1384,49,Male,HR,Manager,Bachelor,6,108600,2,2,2,6,33,0,3,1,17,No
EMP1385,34,Female,Sales,Engineer,MBA,15,33433,2,2,4,15,47,0,1,4,20,No
EMP1386,48,Female,Finance,Executive,MBA,17,165183,3,2,2,18,11,0,1,2,0,Yes
EMP1387,25,Male,Support,Engineer,Diploma,5,128986,1,1,1,38,22,0,3,1,19,Yes
EMP1388,50,Male,Sales,Analyst,Master,19,88753,4,4,4,5,78,0,1,5,14,No
EMP1389,25,Female,IT,Engineer,MBA,0,138783,2,3,3,10,12,0,2,3,17,No
EMP1390,32,Female,Finance,Analyst,Master,0,46751,1,1,5,11,44,0,3,4,11,Yes
EMP1391,36,Male,HR,Engineer,MBA,11,172525,5,2,5,12,64,0,3,2,0,No
EMP1392,46,Female,Finance,Manager,Diploma,20,73570,2,1,1,11,46,0,1,1,6,No
EMP1393,46,Male,Finance,Specialist,PhD,1,49503,2,1,2,20,57,0,0,1,18,Yes
EMP1394,41,Male,Operations,Manager,Diploma,3,158851,4,1,1,9,4,0,1,5,0,No
EMP1395,59,Female,Finance,Manager,Bachelor,16,111840,3,4,5,19,76,0,5,4,6,Yes
EMP1396,56,Male,Finance,Specialist,MBA,3,156827,3,5,3,35,4,0,0,1,1,No
EMP1397,53,Female,Sales,Specialist,Bachelor,10,64263,2,3,5,27,59,1,3,5,6,No
EMP1398,50,Male,HR,Executive,Bachelor,3,133491,1,4,4,23,20,1,0,2,18,Yes
EMP1399,57,Male,Sales,Executive,Master,0,80087,5,4,5,4,23,0,2,5,12,No
EMP1400,43,Other,Sales,Manager,MBA,6,76482,5,5,5,36,17,0,4,4,4,No
EMP1401,30,Male,IT,Manager,Bachelor,17,147989,1,4,4,11,20,0,0,5,18,No
EMP1402,25,Female,Sales,Analyst,PhD,8,173472,2,1,2,34,53,0,5,1,0,Yes
EMP1403,56,Male,Operations,Analyst,Bachelor,2,65115,5,1,5,39,9,0,4,1,0,Yes
EMP1404,54,Male,Operations,Executive,PhD,7,39249,3,2,1,1,23,0,2,3,17,No
EMP1405,51,Male,IT,Associate,Master,18,135361,1,4,5,40,59,0,5,5,0,Yes
EMP1406,30,Female,Support,Associate,Bachelor,3,49600,4,2,1,38,56,0,4,2,4,No
EMP1407,39,Male,HR,Executive,Diploma,17,62706,2,3,4,8,22,1,2,4,8,No
EMP1408,52,Female,HR,Analyst,Master,19,44222,1,1,5,21,21,0,4,3,11,No
EMP1409,21,Male,Sales,Analyst,PhD,10,124041,5,3,4,4,67,1,4,5,8,No
EMP1410,25,Other,Sales,Associate,Master,13,129504,2,5,4,11,33,0,1,2,17,Yes
EMP1411,24,Male,Support,Engineer,Bachelor,17,66139,3,1,2,0,69,0,5,3,10,No
EMP1412,36,Female,Sales,Engineer,MBA,15,139919,2,3,5,21,27,1,5,1,0,No
EMP1413,44,Female,HR,Analyst,MBA,2,66302,2,5,1,37,38,1,0,4,18,No
EMP1414,36,Female,Finance,Engineer,PhD,14,112838,3,3,1,18,41,0,5,5,9,Yes
EMP1415,22,Female,Operations,Specialist,PhD,3,164718,3,5,5,15,22,0,5,2,1,No
EMP1416,48,Female,Finance,Executive,MBA,4,169615,2,5,2,30,69,0,4,1,6,Yes
EMP1417,52,Female,Finance,Executive,PhD,16,178857,3,1,2,2,79,0,3,3,19,Yes
EMP1418,47,Male,HR,Analyst,Master,6,103353,1,2,2,22,1,1,1,4,1,No
EMP1419,40,Male,Finance,Manager,Diploma,15,113992,3,5,1,17,23,1,0,3,18,No
EMP1420,44,Female,Support,Associate,Diploma,13,76428,3,5,4,25,16,0,1,3,5,No
EMP1421,32,Female,IT,Analyst,Master,15,48777,2,1,2,12,64,0,0,2,9,Yes
EMP1422,55,Female,Sales,Engineer,Diploma,6,82939,1,2,1,17,69,0,2,1,8,Yes
EMP1423,53,Female,IT,Associate,Bachelor,8,111450,4,4,1,2,68,0,4,5,7,No
EMP1424,53,Male,Operations,Manager,Master,3,48548,4,4,4,22,59,1,5,2,10,Yes
EMP1425,57,Male,Sales,Engineer,PhD,10,150549,5,2,5,2,49,1,5,4,8,No
EMP1426,32,Female,Finance,Specialist,Master,1,162799,3,3,5,24,11,0,3,3,19,Yes
EMP1427,23,Male,Operations,Engineer,MBA,11,172764,3,1,2,26,46,0,1,4,19,No
EMP1428,21,Male,Sales,Specialist,PhD,11,56625,1,2,2,26,66,0,1,2,8,Yes
EMP1429,53,Female,Support,Associate,MBA,3,49918,4,4,4,38,64,0,1,2,7,No
EMP1430,30,Male,Support,Specialist,PhD,17,139826,5,5,2,24,26,1,5,5,14,No
EMP1431,49,Female,Support,Associate,Diploma,20,139881,1,4,4,23,47,0,1,3,1,No
EMP1432,33,Male,Support,Associate,Master,6,40577,3,5,1,7,61,0,4,2,0,Yes
EMP1433,32,Female,Finance,Associate,Bachelor,0,110155,4,1,2,8,43,0,0,4,8,No
EMP1434,51,Male,IT,Associate,PhD,12,136776,5,5,1,36,18,1,5,5,8,Yes
EMP1435,22,Male,Sales,Associate,PhD,5,124246,2,2,3,29,58,0,4,4,12,Yes
EMP1436,55,Male,Finance,Engineer,MBA,5,167226,4,5,4,18,7,1,2,3,7,No
EMP1437,43,Male,Support,Associate,Diploma,11,119948,5,3,3,15,54,1,4,5,20,No
EMP1438,37,Male,IT,Engineer,MBA,7,46341,1,2,2,23,46,1,4,5,4,Yes
EMP1439,46,Male,Operations,Associate,MBA,18,122554,2,1,1,20,1,0,2,5,2,No
EMP1440,28,Female,Operations,Specialist,Diploma,4,132798,5,2,2,35,38,0,4,1,20,No
EMP1441,49,Male,Operations,Associate,Bachelor,17,71330,5,3,3,39,44,0,0,5,3,No
EMP1442,46,Female,Support,Manager,MBA,4,112759,3,1,2,38,31,0,5,4,16,Yes
EMP1443,30,Female,Operations,Associate,MBA,9,111807,4,4,5,5,64,0,3,4,15,No
EMP1444,46,Female,HR,Associate,PhD,0,58313,3,3,3,4,37,0,2,3,15,No
EMP1445,54,Male,Sales,Specialist,Diploma,9,71900,2,1,2,13,76,0,5,2,19,Yes
EMP1446,27,Female,Sales,Executive,Master,4,103840,5,5,1,3,10,1,1,2,2,No
EMP1447,24,Male,Support,Specialist,Bachelor,11,111072,3,2,2,7,9,0,0,1,5,No
EMP1448,31,Male,HR,Manager,Bachelor,6,121367,4,1,1,23,58,0,3,5,0,Yes
EMP1449,49,Other,Finance,Executive,Diploma,8,74156,2,2,5,10,54,1,0,1,20,Yes
EMP1450,56,Male,Finance,Analyst,PhD,20,112453,1,5,2,16,19,1,0,3,15,No
EMP1451,45,Female,Operations,Analyst,PhD,11,50938,3,1,5,20,80,1,1,3,14,No
EMP1452,41,Female,IT,Manager,Diploma,0,84164,2,4,3,25,16,1,3,2,6,No
EMP1453,56,Female,Finance,Specialist,PhD,10,85282,1,3,1,26,67,1,0,3,1,No
EMP1454,30,Female,IT,Engineer,Bachelor,20,72801,3,1,3,15,4,0,1,5,9,No
EMP1455,57,Male,Sales,Manager,Bachelor,14,165537,2,5,1,25,59,0,2,4,14,No
EMP1456,29,Male,IT,Executive,Master,1,28326,2,1,5,32,22,0,1,3,5,No
EMP1457,44,Female,Sales,Executive,Diploma,19,159731,3,2,4,30,45,0,4,1,1,Yes
EMP1458,55,Male,HR,Associate,MBA,6,140819,2,1,2,5,51,0,5,5,16,No
EMP1459,55,Male,HR,Analyst,MBA,20,29763,5,4,5,7,9,0,1,3,0,No
EMP1460,56,Male,Support,Executive,Master,11,166900,3,1,1,6,45,0,1,3,0,Yes
EMP1461,38,Male,Support,Manager,Master,17,72588,2,3,1,33,27,0,1,5,3,No
EMP1462,59,Male,Operations,Executive,PhD,2,36221,1,1,1,13,42,0,0,3,19,Yes
EMP1463,52,Male,Finance,Manager,Master,6,167283,1,2,1,15,25,1,3,4,15,Yes
EMP1464,44,Female,Operations,Engineer,Master,10,38569,5,1,2,8,54,0,1,2,7,No
EMP1465,43,Female,Sales,Associate,MBA,17,62860,3,4,3,9,47,1,1,5,0,No
EMP1466,52,Female,Operations,Analyst,PhD,11,70337,2,5,4,16,28,0,4,1,18,No
EMP1467,57,Male,IT,Executive,Master,5,169587,2,1,2,11,26,1,4,3,10,Yes
EMP1468,32,Male,Sales,Manager,Master,4,96695,1,1,1,5,17,1,2,2,16,Yes
EMP1469,33,Male,Support,Specialist,PhD,0,131749,5,3,2,18,59,0,2,1,9,No
EMP1470,43,Female,HR,Analyst,Diploma,11,68790,1,4,5,40,73,0,4,1,11,Yes
EMP1471,45,Female,Support,Engineer,PhD,10,93580,1,5,1,28,68,0,3,4,8,No
EMP1472,55,Male,Finance,Manager,MBA,3,30636,5,2,4,5,73,1,2,2,6,No
EMP1473,50,Female,Sales,Associate,Diploma,17,102129,3,1,1,24,20,1,5,5,11,Yes
EMP1474,37,Male,Sales,Associate,Bachelor,3,158964,2,5,4,23,23,1,5,2,14,No
EMP1475,40,Female,IT,Engineer,PhD,16,46672,3,2,4,24,2,0,3,2,7,No
EMP1476,45,Female,Finance,Engineer,MBA,1,30812,4,4,3,15,61,0,4,1,16,No
EMP1477,42,Female,HR,Associate,Diploma,1,25654,4,4,3,15,1,1,2,4,4,No
EMP1478,33,Female,Sales,Executive,PhD,11,79633,4,5,2,5,65,0,1,4,13,Yes
EMP1479,39,Female,Sales,Executive,Master,5,42143,5,2,2,36,41,0,4,2,1,No
EMP1480,56,Male,IT,Manager,PhD,9,80934,1,4,4,20,33,0,2,2,15,Yes
EMP1481,32,Female,Operations,Specialist,Bachelor,20,92334,3,5,1,3,41,1,3,3,16,No
EMP1482,39,Male,HR,Manager,PhD,15,128463,2,4,5,33,19,0,5,1,2,No
EMP1483,32,Female,Support,Specialist,Diploma,13,150851,4,4,5,27,67,0,3,5,0,No
EMP1484,29,Female,Finance,Engineer,Diploma,6,54087,3,4,1,37,44,0,2,5,17,No
EMP1485,27,Female,Sales,Analyst,PhD,18,167690,4,3,1,40,74,1,3,4,17,No
EMP1486,48,Male,Sales,Manager,Diploma,16,33446,4,2,3,27,41,0,2,1,3,No
EMP1487,34,Female,Support,Manager,Master,8,127127,2,5,5,16,46,0,2,4,14,Yes
EMP1488,51,Female,HR,Specialist,PhD,12,73867,5,5,4,13,4,0,3,5,18,No
EMP1489,39,Female,Operations,Engineer,Master,4,85101,1,2,2,6,48,1,0,2,18,No
EMP1490,36,Male,Sales,Engineer,Master,4,113074,5,2,3,21,36,1,1,1,9,No
EMP1491,25,Male,HR,Specialist,MBA,9,143422,3,2,5,0,33,1,4,1,4,No
EMP1492,55,Male,Support,Engineer,PhD,20,112892,5,2,1,28,72,0,5,3,18,No
EMP1493,32,Male,IT,Associate,Diploma,9,145044,3,1,5,30,69,1,1,2,10,No
EMP1494,45,Female,Operations,Executive,Master,6,64148,3,5,4,29,17,0,4,2,6,Yes
EMP1495,41,Male,Finance,Associate,MBA,14,107928,1,1,3,14,77,0,4,4,4,No
EMP1496,56,Other,Sales,Analyst,PhD,6,176770,2,4,1,17,18,0,5,1,19,No
EMP1497,43,Male,HR,Manager,PhD,14,76660,1,4,4,34,77,0,1,4,11,Yes
EMP1498,36,Male,IT,Analyst,Bachelor,2,60450,5,5,2,29,39,1,5,2,18,No
EMP1499,59,Female,Finance,Manager,Bachelor,18,58757,3,4,3,33,16,0,2,3,14,No
EMP1500,59,Female,HR,Executive,Master,9,103012,4,2,4,10,59,0,5,1,11,No
EMP1501,34,Female,HR,Engineer,Bachelor,14,131750,4,1,4,26,41,0,3,2,3,No
EMP1502,51,Female,Finance,Associate,Master,2,152043,3,2,1,23,80,0,0,3,11,No
EMP1503,25,Female,IT,Specialist,Diploma,5,81116,1,4,2,34,71,0,0,5,17,No
EMP1504,55,Male,Support,Associate,Master,11,169233,2,1,4,38,64,0,0,2,16,Yes
EMP1505,43,Other,IT,Executive,Bachelor,14,57152,1,2,3,7,52,0,1,5,18,Yes
EMP1506,49,Other,Operations,Analyst,Diploma,5,131379,3,5,4,17,6,0,1,4,15,No
EMP1507,31,Female,Sales,Specialist,Bachelor,12,45836,3,2,5,12,4,0,2,5,10,No
EMP1508,38,Male,Finance,Engineer,Master,18,166835,2,4,3,23,23,1,0,2,1,No
EMP1509,32,Female,Support,Executive,MBA,2,94444,5,1,3,22,27,0,2,5,15,Yes
EMP1510,29,Male,Finance,Specialist,PhD,7,118109,5,5,4,11,61,1,0,1,0,No
EMP1511,30,Male,Finance,Executive,Bachelor,7,175259,2,1,1,29,16,1,1,2,16,No
EMP1512,37,Male,IT,Executive,Master,19,168029,5,5,3,30,19,1,3,3,17,No
EMP1513,58,Male,Sales,Engineer,Diploma,14,160451,4,1,5,27,2,0,3,5,12,Yes
EMP1514,27,Female,Operations,Manager,Bachelor,3,107018,5,4,1,21,36,0,3,1,4,Yes
EMP1515,33,Female,HR,Specialist,Bachelor,18,148076,5,5,1,27,14,1,5,4,5,Yes
EMP1516,29,Female,HR,Engineer,PhD,20,156949,5,3,1,12,50,0,3,4,0,No
EMP1517,47,Male,Finance,Executive,Master,2,108788,4,1,3,24,47,0,4,5,9,Yes
EMP1518,22,Male,Sales,Engineer,MBA,12,121870,5,1,1,6,7,0,0,4,4,No
EMP1519,25,Male,Support,Manager,Diploma,7,108308,4,2,4,5,12,0,3,3,0,No
EMP1520,49,Other,IT,Associate,Master,15,82913,2,5,1,23,47,1,4,2,10,No
EMP1521,57,Male,Sales,Specialist,Diploma,12,27637,1,3,5,18,2,0,4,1,6,No
EMP1522,58,Female,Sales,Manager,Bachelor,2,67025,2,4,2,18,64,0,4,5,17,No
EMP1523,39,Female,IT,Analyst,PhD,15,124508,1,2,5,35,72,0,2,4,20,No
EMP1524,28,Male,Finance,Specialist,PhD,8,107464,2,3,3,8,30,0,2,2,19,No
EMP1525,21,Female,Sales,Manager,MBA,13,53742,1,5,1,35,25,0,4,3,20,Yes
EMP1526,42,Female,HR,Executive,PhD,12,36831,1,3,1,37,80,0,5,4,9,No
EMP1527,37,Female,IT,Specialist,Bachelor,20,138768,3,1,4,39,55,1,3,4,14,Yes
EMP1528,27,Female,Support,Specialist,MBA,6,110092,1,1,1,28,33,0,0,1,3,Yes
EMP1529,45,Male,Operations,Engineer,Master,14,115879,1,2,5,23,8,1,5,3,15,No
EMP1530,24,Male,Finance,Executive,PhD,6,113370,3,5,3,4,61,0,1,3,14,No
EMP1531,56,Female,IT,Analyst,MBA,5,151537,5,5,2,25,12,0,2,5,14,No
EMP1532,26,Female,Operations,Associate,Bachelor,1,129824,5,3,1,13,68,0,3,1,11,No
EMP1533,51,Male,Operations,Manager,Diploma,8,113741,3,2,2,38,40,0,3,5,7,Yes
EMP1534,39,Female,Support,Engineer,Diploma,16,43830,4,5,1,28,76,1,1,1,7,Yes
EMP1535,59,Female,Sales,Manager,Bachelor,4,80044,1,1,3,5,0,1,1,3,17,No
EMP1536,47,Female,Support,Analyst,Bachelor,11,98948,1,3,5,6,46,0,3,1,5,No
EMP1537,30,Male,Sales,Analyst,Diploma,0,94202,3,4,3,36,3,0,1,1,4,No
EMP1538,46,Female,Sales,Specialist,MBA,9,62045,3,1,2,17,62,1,3,1,1,No
EMP1539,39,Female,IT,Analyst,Diploma,10,132509,4,2,1,22,51,0,5,2,11,Yes
EMP1540,59,Male,IT,Manager,Bachelor,15,40198,5,5,2,37,9,0,1,2,3,No
EMP1541,23,Male,Finance,Executive,PhD,13,94521,2,1,5,0,27,1,5,3,12,No
EMP1542,33,Other,Sales,Executive,Master,7,131471,5,4,3,3,5,0,5,1,16,Yes
EMP1543,48,Male,Operations,Specialist,PhD,16,54475,1,4,2,34,26,1,1,3,15,No
EMP1544,40,Female,HR,Associate,PhD,17,44403,3,2,2,22,11,0,3,2,8,No
EMP1545,48,Female,Finance,Manager,Bachelor,11,28681,4,1,5,26,61,1,4,1,0,No
EMP1546,28,Male,IT,Manager,Diploma,16,116555,5,3,1,25,51,0,3,5,14,No
EMP1547,59,Female,Support,Analyst,MBA,13,143884,4,1,2,7,47,0,0,2,11,No
EMP1548,21,Male,Finance,Manager,PhD,15,118122,5,4,5,15,66,0,1,2,4,No
EMP1549,23,Female,Finance,Engineer,Diploma,13,140260,1,2,1,40,45,0,2,2,17,Yes
EMP1550,33,Male,Finance,Associate,MBA,8,130386,2,2,1,2,73,0,1,1,19,No
EMP1551,48,Female,Finance,Analyst,PhD,3,161701,4,3,3,31,14,0,0,4,1,No
EMP1552,45,Male,HR,Engineer,MBA,10,118246,4,2,5,4,70,0,5,5,3,No
EMP1553,53,Male,Support,Specialist,Diploma,5,120864,2,2,1,19,35,1,2,5,14,No
EMP1554,58,Other,Support,Executive,Master,14,33417,4,2,3,13,13,0,2,3,5,Yes
EMP1555,26,Male,Support,Specialist,Diploma,4,143888,4,2,4,31,77,0,3,1,11,Yes
EMP1556,52,Female,Sales,Executive,Bachelor,10,99499,5,2,5,25,2,0,4,2,17,No
EMP1557,41,Male,Operations,Specialist,MBA,17,155908,5,4,4,5,66,0,3,4,19,No
EMP1558,36,Female,Support,Manager,Master,12,52675,2,1,1,35,18,0,2,1,3,No
EMP1559,41,Male,Finance,Engineer,MBA,10,36332,1,5,5,39,75,0,2,1,0,No
EMP1560,31,Other,Finance,Executive,MBA,13,44177,4,2,3,4,53,1,4,4,14,No
EMP1561,57,Male,Support,Analyst,PhD,17,155560,1,5,1,12,68,0,1,2,17,No
EMP1562,56,Male,Support,Engineer,Bachelor,18,82104,2,5,5,31,9,0,4,1,13,No
EMP1563,55,Male,Finance,Analyst,MBA,14,109335,2,4,5,15,32,1,5,5,2,No
EMP1564,39,Male,Sales,Engineer,Diploma,8,139938,5,2,4,0,12,1,3,5,14,Yes
EMP1565,40,Female,IT,Engineer,Diploma,7,105730,4,5,1,12,50,0,1,4,4,No
EMP1566,38,Male,IT,Specialist,PhD,19,161023,3,2,3,10,31,1,3,2,2,No
EMP1567,34,Female,Support,Executive,Bachelor,0,53333,2,3,3,7,74,0,4,4,6,No
EMP1568,35,Male,HR,Executive,Bachelor,3,46673,4,3,1,24,23,1,1,1,5,Yes
EMP1569,51,Male,Support,Engineer,Diploma,13,139421,1,3,1,39,34,0,4,5,0,No
EMP1570,21,Female,Support,Manager,Master,1,65870,5,5,2,31,69,0,5,3,18,No
EMP1571,23,Female,IT,Manager,PhD,15,152536,1,3,4,23,39,1,0,4,6,No
EMP1572,36,Male,Finance,Analyst,PhD,2,96101,2,4,1,27,53,0,2,3,3,No
EMP1573,43,Male,Support,Analyst,Diploma,7,47821,2,4,1,13,43,0,1,3,11,No
EMP1574,31,Male,Finance,Specialist,Diploma,5,50494,1,5,2,2,61,0,2,5,19,No
EMP1575,32,Female,Finance,Engineer,Master,15,124477,2,2,2,35,67,0,0,4,17,Yes
EMP1576,30,Female,HR,Analyst,Master,15,151083,4,1,5,26,32,0,1,3,8,No
EMP1577,52,Male,Finance,Analyst,Bachelor,6,137698,2,2,3,19,76,0,2,1,18,Yes
EMP1578,36,Female,IT,Associate,PhD,12,136560,5,2,4,14,55,0,2,2,3,No
EMP1579,28,Female,Sales,Engineer,PhD,12,156907,4,2,5,26,35,0,1,2,0,No
EMP1580,58,Female,Sales,Specialist,Diploma,4,43646,3,2,1,40,53,0,2,5,8,Yes
EMP1581,32,Female,Operations,Analyst,Bachelor,19,148777,2,1,2,27,18,0,2,4,14,No
EMP1582,44,Male,Support,Specialist,PhD,17,102360,2,3,3,24,42,0,1,4,7,No
EMP1583,48,Male,IT,Executive,Bachelor,14,62335,5,2,5,32,11,1,2,2,14,Yes
EMP1584,28,Male,Finance,Specialist,Bachelor,17,94351,5,4,3,13,10,0,2,1,14,No
EMP1585,48,Male,Sales,Manager,Diploma,1,139934,1,5,2,7,69,0,3,2,17,Yes
EMP1586,56,Female,IT,Manager,Bachelor,9,158501,1,5,5,13,11,1,5,2,6,No
EMP1587,46,Female,Sales,Specialist,Master,12,66950,1,4,5,0,40,1,3,4,17,No
EMP1588,28,Male,Finance,Manager,Master,17,85654,5,2,3,15,24,0,0,3,15,No
EMP1589,48,Male,Sales,Executive,MBA,14,132422,1,1,2,17,2,1,3,1,1,No
EMP1590,48,Male,Support,Engineer,Diploma,11,134934,1,3,1,6,2,0,3,4,3,No
EMP1591,57,Female,Support,Manager,MBA,14,144975,3,5,5,14,27,1,0,2,19,No
EMP1592,56,Male,Operations,Manager,Master,12,116186,1,3,1,23,22,0,2,3,15,Yes
EMP1593,47,Female,Operations,Specialist,MBA,17,129234,2,1,2,12,47,0,2,1,2,No
EMP1594,37,Male,Sales,Executive,Diploma,14,127326,5,5,5,8,66,0,3,5,1,No
EMP1595,29,Male,IT,Engineer,Diploma,10,102527,4,3,5,14,41,1,0,1,2,No
EMP1596,53,Other,Support,Specialist,Bachelor,18,111704,3,1,1,34,39,0,2,1,4,No
EMP1597,40,Other,IT,Specialist,PhD,2,121952,5,3,4,23,5,0,4,2,1,No
EMP1598,33,Male,IT,Associate,Bachelor,6,85782,5,2,1,32,19,0,1,2,18,Yes
EMP1599,48,Female,Sales,Executive,Diploma,20,96116,2,1,1,15,10,1,1,5,19,No
EMP1600,49,Female,IT,Engineer,Master,13,114626,1,3,4,7,26,1,5,5,1,No
EMP1601,33,Female,Support,Executive,Master,13,171895,2,2,2,28,20,0,1,5,1,Yes
EMP1602,55,Male,Finance,Engineer,Bachelor,12,71015,1,2,2,22,12,0,3,4,19,No
EMP1603,26,Female,Operations,Executive,Diploma,11,127877,1,1,5,30,34,0,1,4,17,No
EMP1604,38,Female,Finance,Specialist,Master,8,40339,5,4,3,39,46,0,1,2,19,No
EMP1605,25,Female,IT,Specialist,Diploma,0,159563,1,5,3,13,27,1,4,2,20,No
EMP1606,45,Male,Finance,Analyst,Master,18,156778,3,1,5,29,20,0,2,5,13,No
EMP1607,22,Male,Support,Manager,Diploma,10,122493,3,2,3,38,17,0,4,4,14,No
EMP1608,30,Male,Support,Associate,MBA,18,171800,3,2,1,26,30,0,3,3,11,No
EMP1609,50,Female,IT,Executive,Diploma,17,163069,5,1,1,15,59,0,1,4,10,No
EMP1610,25,Male,Sales,Associate,Diploma,11,154526,2,4,4,5,36,0,2,2,10,No
EMP1611,53,Female,Finance,Analyst,Bachelor,0,146648,4,5,4,32,20,0,5,4,6,No
EMP1612,21,Other,Sales,Manager,MBA,18,50163,1,3,5,17,13,0,5,2,11,No
EMP1613,38,Male,Sales,Executive,PhD,19,173790,4,1,5,15,59,0,1,5,15,No
EMP1614,52,Female,HR,Engineer,Bachelor,16,112508,2,5,5,11,22,0,1,5,4,No
EMP1615,31,Male,IT,Manager,PhD,4,64619,2,5,1,19,28,0,5,5,1,Yes
EMP1616,41,Female,Operations,Specialist,Master,2,37126,5,2,3,39,46,0,5,3,15,No
EMP1617,46,Male,Support,Analyst,PhD,1,89926,3,3,5,28,29,1,3,3,14,No
EMP1618,45,Female,Support,Manager,Diploma,2,65633,3,1,5,29,37,0,1,2,10,No
EMP1619,42,Female,IT,Manager,PhD,7,28317,2,2,1,25,26,0,5,1,5,No
EMP1620,47,Female,Operations,Specialist,Bachelor,15,69980,5,2,1,21,14,1,0,3,12,No
EMP1621,33,Female,Support,Executive,Bachelor,5,69115,5,4,1,32,58,0,5,2,18,Yes
EMP1622,53,Female,IT,Engineer,PhD,12,68158,1,5,3,38,2,0,2,4,9,No
EMP1623,54,Female,Support,Specialist,Bachelor,15,130364,3,1,5,28,9,0,2,5,18,Yes
EMP1624,55,Female,Sales,Engineer,Bachelor,15,40504,2,1,2,21,78,0,0,5,4,No
EMP1625,21,Female,Finance,Executive,PhD,2,62196,4,1,2,12,79,0,3,5,20,Yes
EMP1626,41,Male,Finance,Manager,MBA,12,90938,3,2,5,8,16,0,1,2,6,No
EMP1627,26,Female,Support,Engineer,MBA,13,164677,1,4,5,23,10,1,1,5,10,Yes
EMP1628,48,Female,HR,Analyst,Master,7,82388,5,3,5,14,47,1,5,3,13,No
EMP1629,37,Female,Operations,Analyst,Bachelor,11,80501,2,2,5,35,4,0,2,4,20,No
EMP1630,25,Male,Operations,Specialist,PhD,20,52043,3,3,3,12,68,0,3,5,15,No
EMP1631,51,Female,Operations,Executive,Bachelor,7,58635,4,4,2,26,63,0,3,2,17,Yes
EMP1632,25,Male,Sales,Specialist,Diploma,20,105691,1,5,4,36,13,0,3,4,20,No
EMP1633,58,Female,Operations,Specialist,Bachelor,8,58132,1,1,2,6,49,0,5,5,3,Yes
EMP1634,23,Male,Finance,Associate,Bachelor,0,40366,3,3,2,7,25,1,1,1,0,No
EMP1635,43,Female,Sales,Specialist,MBA,5,118944,4,2,1,36,71,0,3,5,14,Yes
EMP1636,57,Other,IT,Associate,PhD,18,140267,1,3,5,40,68,1,5,3,13,No
EMP1637,57,Male,Operations,Analyst,Bachelor,10,64236,2,5,5,13,6,1,5,4,18,No
EMP1638,30,Other,Operations,Analyst,MBA,10,29150,1,1,5,11,15,1,0,3,4,Yes
EMP1639,30,Male,IT,Specialist,Master,12,136369,4,3,1,35,54,0,4,1,3,No
EMP1640,39,Female,Operations,Analyst,MBA,10,44423,5,5,3,39,77,0,3,1,12,No
EMP1641,37,Female,IT,Executive,MBA,17,29137,5,2,3,16,55,0,4,3,17,No
EMP1642,41,Female,Sales,Associate,MBA,14,54992,3,4,4,39,3,0,1,4,11,Yes
EMP1643,34,Female,Finance,Associate,Bachelor,0,135540,4,2,3,28,47,0,5,1,20,Yes
EMP1644,29,Female,IT,Specialist,Bachelor,20,140140,1,1,3,26,16,0,3,1,14,Yes
EMP1645,21,Male,HR,Analyst,Master,6,146225,1,2,5,0,35,0,2,5,8,No
EMP1646,33,Male,IT,Engineer,Diploma,12,91917,5,2,2,33,69,0,1,2,3,No
EMP1647,24,Female,Operations,Associate,Diploma,11,98690,5,2,3,3,79,1,0,1,4,No
EMP1648,21,Female,Sales,Specialist,Diploma,17,59235,2,2,3,23,37,0,0,4,8,No
EMP1649,52,Female,Support,Specialist,Master,18,44122,5,1,1,20,61,0,4,4,12,No
EMP1650,54,Female,Sales,Executive,Diploma,14,48956,2,5,4,32,47,0,5,5,9,No
EMP1651,48,Male,Support,Manager,Diploma,7,88879,1,3,1,6,9,1,4,4,15,Yes
EMP1652,51,Female,IT,Manager,MBA,18,83560,2,4,5,0,35,0,2,5,12,No
EMP1653,28,Male,Finance,Associate,Bachelor,9,135310,2,3,2,40,28,0,2,1,3,No
EMP1654,59,Female,HR,Executive,Bachelor,6,26168,3,3,4,2,77,0,0,1,20,No
EMP1655,46,Male,Sales,Executive,MBA,17,70124,5,4,1,14,3,1,3,1,12,Yes
EMP1656,54,Male,Operations,Executive,MBA,15,171104,2,1,3,30,43,1,0,1,20,No
EMP1657,23,Male,Support,Associate,MBA,19,77797,1,4,3,15,55,0,0,2,7,No
EMP1658,32,Male,Operations,Manager,Bachelor,5,60294,4,1,4,9,41,0,2,2,12,No
EMP1659,21,Female,Finance,Executive,Diploma,8,28516,2,3,3,28,12,0,4,1,14,Yes
EMP1660,25,Male,Support,Analyst,MBA,20,175823,5,1,1,5,45,0,2,4,19,No
EMP1661,50,Male,Sales,Specialist,Master,12,55373,3,5,1,28,32,0,5,5,19,Yes
EMP1662,50,Male,IT,Specialist,MBA,20,147026,1,4,3,16,20,1,2,3,12,Yes
EMP1663,37,Male,Operations,Engineer,PhD,7,55270,3,5,3,21,79,1,2,5,4,No
EMP1664,43,Male,Finance,Engineer,MBA,15,166458,4,3,5,23,78,0,0,3,5,No
EMP1665,35,Male,Sales,Associate,Bachelor,12,90184,2,4,2,16,56,0,3,3,4,No
EMP1666,57,Female,Sales,Associate,MBA,12,62879,2,3,4,20,68,0,0,1,12,Yes
EMP1667,41,Female,Sales,Specialist,PhD,16,74597,5,5,1,10,69,1,1,3,4,No
EMP1668,34,Female,Sales,Analyst,Master,19,28626,2,3,4,6,66,1,2,1,12,Yes
EMP1669,22,Male,Support,Manager,Diploma,4,110936,1,4,5,38,47,0,2,2,19,Yes
EMP1670,31,Male,Sales,Manager,MBA,20,106515,4,4,1,4,75,0,1,4,7,No
EMP1671,59,Female,Operations,Associate,PhD,16,80390,3,3,5,20,32,0,2,3,8,No
EMP1672,58,Female,Finance,Analyst,PhD,8,172717,4,4,5,17,35,0,2,4,20,No
EMP1673,54,Male,Support,Associate,Master,1,79144,2,4,3,34,32,1,5,1,18,Yes
EMP1674,58,Male,Sales,Manager,Bachelor,17,169454,3,3,4,19,30,0,2,3,19,No
EMP1675,54,Male,HR,Associate,MBA,8,29025,5,5,4,14,20,1,1,5,14,No
EMP1676,38,Male,HR,Executive,PhD,5,104380,4,4,3,4,26,0,0,2,9,No
EMP1677,50,Male,Finance,Associate,Master,10,143910,3,4,4,12,71,1,2,2,10,No
EMP1678,35,Female,IT,Specialist,Diploma,5,121055,3,4,3,11,61,0,3,3,4,No
EMP1679,47,Female,IT,Associate,PhD,5,151189,3,4,1,20,25,1,1,2,8,Yes
EMP1680,54,Female,Support,Specialist,Master,12,159515,1,3,5,36,65,0,4,5,10,No
EMP1681,58,Female,Support,Analyst,Bachelor,10,46395,4,5,5,5,11,0,5,4,18,Yes
EMP1682,53,Female,Support,Manager,Bachelor,13,35725,3,5,4,6,21,0,1,5,1,No
EMP1683,44,Female,IT,Engineer,PhD,1,58461,4,1,2,25,16,0,0,2,5,No
EMP1684,35,Female,HR,Engineer,PhD,7,66115,3,4,5,7,6,0,1,4,20,No
EMP1685,50,Male,IT,Manager,MBA,2,135084,5,4,3,8,67,0,4,5,0,Yes
EMP1686,37,Male,Operations,Engineer,Master,20,108732,5,1,2,26,36,1,5,1,2,Yes
EMP1687,25,Male,Sales,Associate,PhD,2,104557,5,5,2,3,37,0,3,1,2,No
EMP1688,49,Female,Support,Analyst,MBA,0,96260,2,2,5,20,10,1,4,4,13,Yes
EMP1689,24,Female,HR,Analyst,MBA,18,26407,3,2,5,30,0,1,1,4,19,No
EMP1690,30,Male,Finance,Manager,PhD,17,98568,2,5,5,20,24,0,4,4,4,No
EMP1691,37,Female,Finance,Engineer,Bachelor,16,83560,4,4,3,39,41,0,1,1,16,No
EMP1692,30,Male,Sales,Associate,Master,19,173866,2,2,2,24,51,0,3,5,14,No
EMP1693,37,Female,HR,Analyst,Master,12,175953,4,3,4,38,23,0,3,4,5,No
EMP1694,40,Male,IT,Analyst,Bachelor,2,116288,4,3,3,14,52,0,0,1,13,No
EMP1695,44,Male,IT,Executive,PhD,0,144020,4,1,1,34,55,1,3,4,13,Yes
EMP1696,25,Female,Operations,Executive,Master,3,124301,2,5,5,40,62,0,2,4,16,Yes
EMP1697,54,Male,Operations,Analyst,PhD,12,39390,3,5,2,36,80,0,4,4,7,No
EMP1698,26,Male,IT,Manager,PhD,16,52307,2,2,3,27,7,0,4,1,7,No
EMP1699,22,Male,Finance,Specialist,MBA,10,49502,3,4,1,13,58,1,1,5,18,No
EMP1700,33,Female,Support,Specialist,Bachelor,1,47486,3,5,3,3,44,0,3,1,8,No
EMP1701,31,Female,Finance,Associate,PhD,15,136813,4,2,3,19,26,0,0,1,10,No
EMP1702,43,Male,Operations,Analyst,Diploma,1,128920,2,2,4,33,51,0,0,4,12,Yes
EMP1703,36,Female,Sales,Analyst,Bachelor,18,107768,3,5,4,11,17,0,0,3,12,Yes
EMP1704,51,Female,IT,Analyst,Master,18,166820,5,2,3,32,15,1,5,3,18,No
EMP1705,31,Male,Operations,Manager,MBA,15,87785,3,1,1,23,65,1,2,3,20,No
EMP1706,36,Male,Operations,Executive,Master,18,101050,5,1,2,19,4,0,3,1,18,No
EMP1707,28,Male,Support,Analyst,Master,8,47738,2,5,2,4,2,0,0,4,4,No
EMP1708,24,Male,IT,Analyst,Bachelor,0,99231,2,4,5,37,80,0,2,3,15,No
EMP1709,24,Female,Support,Engineer,Master,9,98606,2,1,5,29,79,0,4,2,8,Yes
EMP1710,45,Male,IT,Manager,PhD,18,66662,3,1,2,23,69,0,1,2,19,Yes
EMP1711,23,Female,Support,Associate,Master,0,143313,1,5,3,39,6,0,3,2,2,No
EMP1712,52,Female,Finance,Analyst,MBA,1,40123,3,3,3,6,49,0,3,5,18,Yes
EMP1713,23,Male,Sales,Engineer,MBA,15,36182,3,2,4,35,13,1,5,4,4,Yes
EMP1714,47,Female,Sales,Specialist,Diploma,11,115369,4,1,4,37,37,0,4,1,7,Yes
EMP1715,49,Male,IT,Associate,MBA,7,51128,4,3,5,15,78,1,3,1,13,No
EMP1716,52,Other,HR,Analyst,Master,17,56556,3,4,2,14,46,0,5,4,2,No
EMP1717,39,Female,Operations,Analyst,MBA,1,177948,5,3,3,22,32,0,5,5,12,No
EMP1718,41,Female,Operations,Engineer,Bachelor,12,165021,4,5,2,11,42,1,5,4,10,No
EMP1719,25,Female,IT,Manager,MBA,5,76962,3,4,1,28,28,0,3,5,7,No
EMP1720,38,Male,Support,Analyst,PhD,20,115054,1,4,2,14,56,0,3,3,18,Yes
EMP1721,48,Female,HR,Specialist,Bachelor,5,49099,5,3,1,28,4,0,3,3,9,No
EMP1722,42,Female,Finance,Analyst,Diploma,8,168788,2,5,4,20,59,0,2,5,17,No
EMP1723,41,Female,Support,Specialist,PhD,15,78144,3,1,4,14,69,1,5,4,17,No
EMP1724,26,Female,Support,Associate,Master,10,32837,3,3,5,13,1,1,2,3,6,No
EMP1725,21,Female,IT,Associate,Master,6,175231,5,1,2,15,69,0,1,4,15,No
EMP1726,25,Male,IT,Executive,Master,9,150212,4,3,2,14,42,0,3,3,5,Yes
EMP1727,32,Male,Operations,Executive,PhD,9,141680,4,1,1,3,3,0,4,4,15,No
EMP1728,46,Female,IT,Specialist,PhD,19,131802,4,3,4,26,55,0,0,4,15,Yes
EMP1729,54,Male,IT,Manager,PhD,17,127413,2,4,1,22,58,0,1,2,0,No
EMP1730,34,Female,IT,Analyst,Bachelor,19,76012,5,2,4,28,8,0,0,5,18,No
EMP1731,46,Female,Operations,Analyst,Bachelor,8,155193,5,4,1,40,2,0,0,1,2,No
EMP1732,47,Male,Finance,Executive,Master,14,173178,4,1,4,8,47,0,3,5,5,Yes
EMP1733,29,Male,Finance,Specialist,MBA,3,83123,4,5,1,6,42,0,4,4,3,No
EMP1734,46,Female,IT,Analyst,Master,7,136825,1,4,4,3,0,0,0,4,3,No
EMP1735,42,Male,Operations,Analyst,Diploma,8,33720,1,2,1,4,56,0,5,5,3,Yes
EMP1736,50,Female,Finance,Manager,Bachelor,12,177192,3,1,2,4,52,1,0,4,9,No
EMP1737,37,Male,Support,Engineer,PhD,8,175862,3,4,5,10,15,1,1,3,8,No
EMP1738,46,Female,Finance,Executive,Bachelor,3,83655,5,3,1,40,50,0,4,4,7,Yes
EMP1739,56,Male,Finance,Executive,PhD,16,118448,5,5,5,27,74,0,4,5,18,No
EMP1740,21,Female,Operations,Engineer,Diploma,15,145507,2,1,2,15,54,1,0,5,16,Yes
EMP1741,28,Male,Support,Analyst,Diploma,14,59812,2,4,2,40,0,1,4,5,16,Yes
EMP1742,55,Female,Operations,Manager,Bachelor,2,74570,1,1,4,29,27,1,1,2,0,Yes
EMP1743,35,Male,IT,Manager,PhD,19,75901,3,3,5,3,52,0,1,2,19,No
EMP1744,42,Female,Sales,Executive,Diploma,4,85186,1,2,3,1,57,1,1,2,13,No
EMP1745,34,Female,Finance,Manager,Master,4,147066,1,4,4,2,72,0,5,2,19,No
EMP1746,46,Male,Sales,Associate,Master,19,153364,3,1,5,20,59,1,3,2,10,No
EMP1747,48,Male,Operations,Engineer,PhD,14,61160,2,1,1,5,58,1,0,2,2,Yes
EMP1748,43,Male,Operations,Analyst,Bachelor,17,44156,3,1,1,17,21,0,4,2,7,No
EMP1749,34,Female,Operations,Associate,Diploma,14,101208,4,2,2,4,7,1,1,5,9,No
EMP1750,44,Female,Sales,Engineer,Bachelor,1,174001,4,1,3,8,48,0,0,1,16,Yes
EMP1751,22,Female,Operations,Specialist,Master,12,120377,4,5,1,19,41,1,0,2,7,Yes
EMP1752,46,Male,IT,Executive,Diploma,3,67863,5,5,5,27,26,0,3,5,0,No
EMP1753,34,Male,Operations,Manager,Bachelor,9,90439,2,1,5,25,38,1,5,1,19,No
EMP1754,27,Female,HR,Specialist,MBA,12,163266,2,5,1,17,24,0,4,2,20,No
EMP1755,23,Female,Sales,Manager,PhD,9,146361,5,4,5,18,37,1,5,1,6,Yes
EMP1756,43,Other,HR,Associate,PhD,8,121176,1,5,5,2,23,0,4,1,8,Yes
EMP1757,38,Male,Operations,Analyst,MBA,7,54777,4,1,2,8,23,0,1,3,11,No
EMP1758,58,Female,IT,Analyst,Master,2,112201,4,3,3,35,59,0,1,4,8,No
EMP1759,55,Male,Finance,Analyst,Diploma,15,172270,1,4,2,30,49,1,0,3,19,Yes
EMP1760,35,Male,Support,Manager,PhD,13,177483,3,2,3,16,65,0,4,1,2,No
EMP1761,45,Female,Support,Specialist,MBA,8,40867,3,1,5,22,13,0,4,5,3,No
EMP1762,57,Female,Operations,Analyst,MBA,20,87501,2,2,3,33,52,0,5,2,9,No
EMP1763,48,Other,IT,Specialist,Master,10,170338,5,3,5,40,31,1,1,4,3,No
EMP1764,30,Male,Sales,Manager,Master,2,64422,2,2,5,40,47,0,2,2,8,Yes
EMP1765,59,Male,HR,Associate,Bachelor,4,146544,3,1,2,4,38,0,0,5,0,No
EMP1766,37,Female,HR,Specialist,PhD,9,163439,1,1,2,14,39,0,4,4,4,No
EMP1767,59,Female,HR,Associate,Bachelor,12,60362,2,3,4,2,41,0,3,3,8,No
EMP1768,42,Male,Sales,Manager,MBA,3,76588,4,1,1,18,76,0,3,1,4,Yes
EMP1769,46,Male,Support,Manager,Diploma,12,151683,4,3,4,27,75,0,2,5,5,No
EMP1770,45,Male,IT,Executive,Diploma,11,61307,1,3,4,2,7,1,1,1,18,No
EMP1771,37,Female,Sales,Manager,Master,4,105280,3,1,3,37,78,1,1,1,7,No
EMP1772,33,Male,HR,Manager,Diploma,9,175939,4,5,5,3,25,0,1,2,9,No
EMP1773,40,Male,Operations,Engineer,Diploma,8,81523,4,3,5,23,11,0,5,5,10,No
EMP1774,45,Male,Finance,Analyst,Diploma,19,162450,5,1,5,30,42,0,3,1,12,No
EMP1775,24,Male,Sales,Executive,MBA,6,132669,2,5,1,10,50,0,1,3,19,No
EMP1776,30,Male,Sales,Executive,Diploma,1,128215,3,3,3,36,62,1,3,4,3,No
EMP1777,23,Female,IT,Executive,Diploma,6,123707,2,5,3,0,48,0,2,5,10,Yes
EMP1778,38,Male,IT,Engineer,Diploma,7,169252,3,4,5,8,26,0,0,2,11,No
EMP1779,56,Female,Sales,Associate,Bachelor,6,117837,4,4,4,16,8,0,5,5,4,No
EMP1780,42,Male,HR,Manager,MBA,20,143070,5,5,1,0,38,1,4,2,9,No
EMP1781,54,Female,Finance,Analyst,Master,13,104872,2,3,4,2,64,0,2,4,6,No
EMP1782,28,Female,IT,Specialist,Bachelor,18,112736,4,1,2,25,70,0,3,3,20,No
EMP1783,39,Female,HR,Associate,PhD,4,30470,3,2,3,30,70,0,2,1,8,No
EMP1784,57,Female,Operations,Manager,MBA,17,171025,2,1,3,25,6,1,4,5,8,No
EMP1785,26,Male,IT,Engineer,MBA,19,117969,2,2,4,22,71,1,5,2,9,No
EMP1786,46,Male,HR,Manager,PhD,11,116493,4,2,1,29,79,0,0,4,9,No
EMP1787,54,Female,HR,Manager,PhD,16,31523,2,3,3,9,66,0,4,1,1,No
EMP1788,26,Other,Finance,Engineer,PhD,12,56169,5,5,4,7,9,1,5,4,3,No
EMP1789,57,Female,Finance,Executive,Master,1,70641,5,1,1,24,70,0,3,3,7,Yes
EMP1790,53,Female,Operations,Executive,Diploma,12,179062,4,5,4,21,52,0,4,1,13,No
EMP1791,42,Female,HR,Analyst,MBA,6,54661,3,4,1,14,56,0,2,1,16,No
EMP1792,41,Male,Support,Analyst,Diploma,9,169491,4,3,5,40,26,0,1,1,12,No
EMP1793,26,Male,HR,Executive,Diploma,5,39457,5,3,1,9,53,0,2,2,20,Yes
EMP1794,26,Female,Finance,Associate,PhD,2,92600,1,4,2,19,3,1,3,1,17,Yes
EMP1795,24,Female,Support,Specialist,Master,2,128619,1,1,5,40,22,0,0,4,17,Yes
EMP1796,50,Male,IT,Manager,Bachelor,17,101102,2,4,4,22,47,0,4,2,12,No
EMP1797,31,Female,IT,Specialist,Master,10,58085,2,1,5,0,41,1,0,1,7,No
EMP1798,50,Male,Sales,Manager,Diploma,19,122064,1,2,5,1,2,0,3,4,11,No
EMP1799,51,Female,Finance,Executive,Master,4,162202,5,3,4,18,2,0,4,4,20,Yes
EMP1800,44,Male,Sales,Analyst,PhD,18,130723,2,1,4,13,27,0,5,5,0,No
EMP1801,29,Male,Support,Associate,Bachelor,18,158114,4,5,2,7,62,1,5,4,19,No
EMP1802,23,Female,Finance,Analyst,PhD,14,95134,4,5,4,37,80,1,2,3,17,Yes
EMP1803,51,Male,Operations,Specialist,Bachelor,15,67982,5,3,3,11,30,1,2,1,2,No
EMP1804,57,Female,HR,Analyst,Diploma,8,90185,2,4,3,25,9,1,3,1,11,Yes
EMP1805,56,Female,Operations,Executive,Bachelor,3,58477,4,4,2,26,48,0,5,1,18,No
EMP1806,44,Female,Support,Associate,Bachelor,14,139161,2,1,1,28,20,0,4,4,12,No
EMP1807,51,Male,Finance,Specialist,Bachelor,11,77709,2,4,1,14,52,1,5,4,9,No
EMP1808,26,Male,Support,Associate,Master,2,103137,4,3,3,0,75,0,2,1,14,No
EMP1809,22,Male,HR,Manager,Master,13,61018,1,1,4,27,53,0,3,2,19,Yes
EMP1810,40,Other,IT,Analyst,Diploma,16,164133,4,2,2,2,56,0,5,2,1,No
EMP1811,48,Female,IT,Associate,Bachelor,18,164681,5,4,1,17,19,0,3,3,18,No
EMP1812,31,Female,Support,Engineer,MBA,5,60371,3,4,1,33,48,1,5,5,2,No
EMP1813,24,Female,Sales,Analyst,Diploma,3,108021,4,1,5,31,6,0,0,3,13,No
EMP1814,35,Female,Finance,Manager,Bachelor,6,176877,2,5,3,28,28,0,5,1,6,No
EMP1815,26,Female,Finance,Associate,Bachelor,18,32857,2,4,4,24,47,1,2,1,7,No
EMP1816,50,Male,IT,Specialist,Master,16,167692,4,3,2,25,12,0,4,1,10,No
EMP1817,58,Female,Operations,Manager,Diploma,15,33177,3,4,1,38,2,0,2,5,19,No
EMP1818,22,Male,HR,Engineer,Bachelor,14,113578,4,2,5,7,1,0,2,4,5,No
EMP1819,35,Female,Operations,Associate,Bachelor,7,114941,3,4,3,18,15,1,2,5,10,No
EMP1820,31,Female,Operations,Executive,Diploma,18,36826,3,5,3,21,5,1,3,3,16,Yes
EMP1821,28,Female,Support,Analyst,MBA,7,169962,5,4,2,28,44,1,1,4,9,Yes
EMP1822,46,Male,IT,Specialist,Diploma,17,107428,2,1,1,32,70,1,1,4,16,No
EMP1823,25,Male,IT,Executive,Diploma,15,151044,2,4,2,37,4,0,0,3,20,No
EMP1824,26,Male,IT,Associate,MBA,19,100020,3,5,2,34,55,1,2,4,1,No
EMP1825,46,Male,Support,Associate,Diploma,18,30495,2,1,5,2,70,1,1,2,5,No
EMP1826,24,Male,Sales,Manager,Bachelor,9,53481,1,3,3,18,31,0,0,3,4,No
EMP1827,39,Female,Operations,Associate,Diploma,16,167339,3,1,4,9,48,0,3,3,3,No
EMP1828,40,Female,Support,Specialist,MBA,12,142897,2,2,3,26,12,1,2,2,1,Yes
EMP1829,53,Male,Finance,Executive,PhD,12,162815,1,1,3,14,29,1,4,5,11,No
EMP1830,40,Male,HR,Specialist,Diploma,6,128475,5,3,5,10,24,1,3,5,2,No
EMP1831,32,Male,Sales,Engineer,Master,9,82042,2,4,4,25,59,1,0,5,5,No
EMP1832,21,Female,Finance,Engineer,Bachelor,1,74476,1,1,1,23,58,0,3,4,13,Yes
EMP1833,46,Female,Operations,Analyst,Bachelor,3,53552,4,1,4,12,27,0,4,2,7,No
EMP1834,34,Female,IT,Analyst,Master,5,94093,4,1,1,31,57,0,3,3,20,No
EMP1835,58,Female,Operations,Engineer,Master,17,94123,1,1,4,36,19,0,0,3,20,Yes
EMP1836,57,Other,Support,Associate,Diploma,5,41535,3,3,2,3,33,1,4,3,13,No
EMP1837,31,Female,HR,Specialist,Master,16,91490,3,5,4,12,4,0,4,4,2,No
EMP1838,56,Male,Support,Engineer,PhD,13,71562,2,5,5,8,59,0,3,4,15,No
EMP1839,33,Female,Sales,Analyst,MBA,10,144042,4,1,1,33,42,0,4,5,14,Yes
EMP1840,23,Male,Sales,Engineer,Master,18,114080,3,3,3,36,56,0,3,4,6,No
EMP1841,53,Female,HR,Associate,Master,1,66269,3,3,5,6,56,0,2,5,14,Yes
EMP1842,26,Male,Finance,Engineer,PhD,2,105674,4,1,1,0,74,0,4,5,12,No
EMP1843,30,Female,Finance,Specialist,Bachelor,10,67462,5,2,1,11,53,0,3,3,5,No
EMP1844,25,Female,Sales,Executive,Bachelor,5,159199,3,1,3,20,80,0,2,4,14,Yes
EMP1845,43,Female,Sales,Associate,Diploma,13,48147,1,2,2,10,44,1,4,5,16,Yes
EMP1846,30,Female,IT,Analyst,PhD,18,102095,2,1,5,13,36,0,2,2,3,No
EMP1847,22,Male,Finance,Specialist,MBA,15,115925,3,2,3,33,47,0,5,2,13,No
EMP1848,33,Male,HR,Engineer,MBA,20,91381,3,2,3,33,53,0,4,4,14,No
EMP1849,22,Male,Finance,Engineer,PhD,6,124468,5,1,2,24,47,0,5,3,11,No
EMP1850,40,Male,IT,Executive,MBA,7,88749,1,2,5,3,5,0,0,3,18,No
EMP1851,21,Female,Support,Analyst,Bachelor,18,38731,2,4,3,25,33,1,0,5,9,Yes
EMP1852,57,Male,Sales,Analyst,MBA,19,149647,3,5,2,15,62,1,3,4,5,No
EMP1853,29,Other,Sales,Manager,MBA,15,76024,2,3,5,9,77,0,1,2,8,No
EMP1854,37,Female,IT,Analyst,PhD,6,141712,4,2,4,1,47,0,5,5,1,No
EMP1855,29,Female,HR,Executive,PhD,8,126121,3,2,1,34,22,1,5,5,3,No
EMP1856,31,Male,Sales,Manager,MBA,12,28832,3,3,2,18,12,1,0,1,8,No
EMP1857,35,Female,Operations,Manager,Master,0,57332,4,2,1,5,46,0,5,4,14,No
EMP1858,44,Female,Sales,Engineer,PhD,7,37467,5,3,4,18,43,0,1,5,12,No
EMP1859,58,Female,Operations,Engineer,Diploma,3,66025,3,1,3,7,31,0,2,2,19,Yes
EMP1860,55,Female,IT,Analyst,Diploma,2,169179,2,4,3,13,25,0,2,1,7,No
EMP1861,50,Female,IT,Manager,Bachelor,2,102994,1,4,5,9,52,0,1,2,18,Yes
EMP1862,51,Male,Sales,Engineer,MBA,12,119202,2,5,2,2,13,0,5,3,18,Yes
EMP1863,25,Female,Finance,Executive,Master,7,68481,5,2,2,37,51,0,5,1,15,Yes
EMP1864,34,Male,Operations,Engineer,Bachelor,6,158653,1,5,5,28,35,0,5,1,10,Yes
EMP1865,31,Male,HR,Associate,MBA,0,100118,2,1,1,14,7,1,3,5,9,Yes
EMP1866,29,Male,Sales,Associate,PhD,15,149010,2,4,3,22,39,1,4,3,7,No
EMP1867,54,Male,HR,Engineer,Diploma,5,148714,4,1,3,22,21,0,1,5,0,Yes
EMP1868,32,Male,Sales,Manager,Master,6,164490,5,1,2,17,15,1,1,4,9,Yes
EMP1869,55,Male,Finance,Manager,Diploma,11,109363,4,2,2,18,59,0,1,2,17,No
EMP1870,55,Other,Finance,Specialist,PhD,8,148607,1,1,5,27,59,1,1,2,2,No
EMP1871,21,Female,Finance,Associate,MBA,10,88044,4,4,4,25,9,0,1,5,10,No
EMP1872,42,Other,Support,Executive,PhD,9,36814,5,5,1,9,24,0,5,2,17,No
EMP1873,49,Male,Finance,Manager,PhD,20,124340,3,4,4,3,30,0,3,2,2,No
EMP1874,28,Male,IT,Analyst,Diploma,0,35024,3,2,4,1,20,0,0,4,7,No
EMP1875,31,Female,IT,Associate,Master,17,134236,1,4,2,2,80,1,5,3,13,No
EMP1876,57,Male,Support,Executive,PhD,3,82836,3,3,2,6,32,0,5,1,5,Yes
EMP1877,34,Male,Operations,Executive,Diploma,4,32435,4,5,2,15,30,0,4,5,14,No
EMP1878,50,Female,HR,Manager,Master,8,95601,1,3,4,30,20,0,0,5,13,Yes
EMP1879,55,Male,Sales,Executive,MBA,16,145871,5,3,1,9,35,0,1,4,6,No
EMP1880,41,Female,Sales,Manager,MBA,2,159479,1,2,2,18,64,0,0,4,9,Yes
EMP1881,57,Female,Support,Engineer,Bachelor,15,123943,1,1,3,27,3,0,3,1,14,No
EMP1882,25,Male,IT,Associate,Diploma,4,57940,2,3,1,16,67,1,2,3,9,Yes
EMP1883,39,Male,Sales,Specialist,Master,15,30666,2,4,3,27,3,1,5,5,16,No
EMP1884,34,Female,IT,Engineer,PhD,2,62122,1,1,1,18,8,1,0,4,18,Yes
EMP1885,46,Male,Operations,Associate,MBA,19,143647,3,4,2,36,29,0,4,5,16,No
EMP1886,24,Male,HR,Manager,Master,14,154753,2,4,5,22,44,1,3,2,11,No
EMP1887,45,Other,Operations,Associate,Diploma,2,148402,5,1,2,19,3,0,2,5,14,Yes
EMP1888,45,Male,Support,Manager,Bachelor,19,126190,4,1,4,12,68,0,3,3,11,No
EMP1889,38,Female,Finance,Engineer,MBA,13,125468,2,4,4,12,22,0,1,3,8,No
EMP1890,28,Other,Finance,Analyst,Master,15,154207,1,2,1,10,15,1,2,5,4,No
EMP1891,59,Male,Finance,Analyst,Master,16,51505,3,5,4,14,21,1,4,2,3,No
EMP1892,34,Male,Operations,Associate,Master,19,61713,4,5,2,16,71,1,2,3,11,No
EMP1893,52,Male,Sales,Analyst,Diploma,17,68169,2,2,3,27,47,1,4,4,15,No
EMP1894,58,Male,HR,Manager,Diploma,17,102511,3,1,2,18,61,1,1,5,8,No
EMP1895,53,Male,Finance,Executive,Diploma,13,65522,3,4,1,3,59,1,4,2,2,No
EMP1896,43,Female,Support,Manager,PhD,17,124397,3,5,4,21,79,0,3,4,20,No
EMP1897,35,Male,Support,Executive,Master,14,28880,1,4,3,21,4,0,0,5,2,No
EMP1898,53,Female,Finance,Engineer,MBA,14,68539,5,2,5,36,79,0,3,2,17,No
EMP1899,45,Other,Finance,Specialist,Diploma,5,39799,3,4,3,38,6,0,5,4,16,Yes
EMP1900,37,Female,HR,Executive,Diploma,14,129843,4,2,3,33,50,0,3,3,9,No
EMP1901,53,Female,Finance,Analyst,Master,17,73784,2,1,2,32,64,0,2,5,1,Yes
EMP1902,22,Male,HR,Manager,Diploma,3,138034,4,2,5,39,8,0,1,5,10,No
EMP1903,34,Female,Support,Engineer,PhD,7,79362,1,2,1,32,44,1,5,3,2,Yes
EMP1904,59,Female,Finance,Analyst,PhD,14,78997,1,5,1,11,46,1,5,1,1,No
EMP1905,26,Male,Operations,Engineer,Diploma,2,175145,4,4,3,1,66,0,5,4,8,No
EMP1906,26,Male,Operations,Specialist,Master,14,127399,5,5,3,27,23,0,0,3,18,No
EMP1907,23,Female,Support,Manager,Master,12,39549,1,3,4,9,9,0,4,5,1,No
EMP1908,27,Male,HR,Associate,Master,8,81920,1,2,5,21,72,0,2,4,18,No
EMP1909,28,Male,Operations,Manager,Bachelor,1,176388,4,3,3,16,76,1,1,4,1,No
EMP1910,35,Male,HR,Specialist,Diploma,7,118860,1,5,4,25,47,0,0,1,14,No
EMP1911,49,Male,Operations,Manager,Master,19,49624,5,4,5,2,34,0,3,5,20,Yes
EMP1912,53,Female,Operations,Associate,PhD,16,71705,5,5,1,6,53,1,1,2,2,No
EMP1913,50,Female,HR,Executive,MBA,12,114326,5,4,4,7,80,1,5,1,4,No
EMP1914,59,Female,Sales,Engineer,MBA,0,85390,2,4,5,19,70,0,1,1,10,Yes
EMP1915,47,Male,Operations,Associate,Master,1,93369,5,1,4,11,15,1,1,2,6,Yes
EMP1916,56,Male,Finance,Analyst,MBA,14,34589,5,2,3,34,52,0,3,2,5,No
EMP1917,49,Female,Support,Specialist,MBA,11,138012,2,5,2,16,39,0,4,1,13,Yes
EMP1918,58,Male,Sales,Executive,Bachelor,13,170188,3,4,1,27,19,0,2,4,0,No
EMP1919,53,Male,HR,Analyst,PhD,1,98181,1,5,3,40,68,0,5,3,16,No
EMP1920,57,Female,Sales,Analyst,PhD,17,148711,5,5,3,9,44,0,4,3,16,Yes
EMP1921,47,Male,IT,Specialist,Bachelor,6,101425,1,4,5,21,5,0,0,1,13,Yes
EMP1922,53,Female,IT,Executive,Bachelor,5,40994,4,3,4,37,68,0,5,4,9,No
EMP1923,24,Male,Operations,Analyst,MBA,13,136915,1,2,1,32,48,1,2,2,7,Yes
EMP1924,42,Male,Operations,Analyst,Diploma,7,147961,2,2,3,21,38,0,0,1,7,Yes
EMP1925,22,Male,Finance,Executive,MBA,1,129672,1,1,5,36,1,0,3,5,13,Yes
EMP1926,30,Other,Support,Manager,Bachelor,16,51639,1,1,1,12,38,1,4,4,6,Yes
EMP1927,25,Female,Sales,Analyst,PhD,4,42205,1,1,4,26,20,0,5,5,5,Yes
EMP1928,30,Female,IT,Engineer,MBA,13,81677,3,2,3,14,39,1,1,5,3,No
EMP1929,53,Female,Operations,Executive,Diploma,19,57930,3,3,3,21,53,0,2,1,0,No
EMP1930,58,Male,Support,Analyst,MBA,20,98313,4,2,3,29,11,0,5,4,14,Yes
EMP1931,33,Female,Sales,Specialist,Master,20,138153,2,2,1,39,80,0,1,5,14,No
EMP1932,51,Male,Operations,Associate,MBA,2,43316,1,2,1,36,36,0,5,4,0,Yes
EMP1933,56,Female,Operations,Engineer,Bachelor,4,121058,1,2,1,33,37,0,0,3,19,Yes
EMP1934,44,Male,IT,Associate,PhD,15,112876,1,3,1,33,14,0,1,5,2,Yes
EMP1935,35,Female,IT,Associate,PhD,17,110366,1,1,5,34,6,0,1,5,4,Yes
EMP1936,49,Male,Operations,Analyst,Bachelor,16,38403,3,5,2,18,77,0,5,4,4,No
EMP1937,28,Male,HR,Engineer,Master,10,105052,4,1,5,7,49,0,3,3,3,Yes
EMP1938,25,Female,Operations,Engineer,Bachelor,16,98495,5,1,3,38,64,0,3,5,16,Yes
EMP1939,49,Male,Support,Manager,MBA,15,121090,2,5,5,32,66,0,4,1,20,Yes
EMP1940,24,Male,Operations,Associate,Bachelor,1,61701,1,2,4,27,43,0,0,4,19,Yes
EMP1941,32,Male,Finance,Engineer,Bachelor,3,159457,4,3,1,36,30,0,3,4,13,No
EMP1942,22,Male,Finance,Manager,Master,20,82241,5,3,4,24,42,0,5,5,7,No
EMP1943,47,Female,Finance,Executive,MBA,6,166439,4,1,4,35,76,1,3,3,1,No
EMP1944,51,Female,HR,Manager,Diploma,1,90030,3,5,3,16,47,0,4,5,7,No
EMP1945,56,Female,HR,Specialist,Diploma,5,130185,5,4,1,23,80,1,2,2,0,No
EMP1946,56,Female,Operations,Analyst,PhD,16,61404,4,2,4,20,80,0,4,5,3,No
EMP1947,46,Male,Finance,Executive,Bachelor,6,80182,3,1,3,1,60,0,1,2,18,No
EMP1948,47,Female,HR,Executive,PhD,4,57991,4,3,1,30,74,0,1,1,4,No
EMP1949,25,Male,IT,Specialist,Master,4,129601,4,5,2,32,9,1,3,4,4,Yes
EMP1950,40,Male,Operations,Manager,Diploma,19,90886,5,5,3,29,28,0,3,4,20,No
EMP1951,31,Female,Support,Analyst,Bachelor,15,147002,3,1,5,11,47,0,4,3,19,No
EMP1952,30,Male,Sales,Manager,Master,18,108848,1,4,1,11,80,0,4,5,18,No
EMP1953,58,Female,Operations,Engineer,Master,8,82692,2,3,4,23,61,0,5,1,11,No
EMP1954,26,Male,Sales,Manager,Bachelor,4,62500,5,1,4,23,12,0,0,2,19,Yes
EMP1955,28,Female,Finance,Executive,Master,7,58785,3,4,5,10,43,0,5,3,0,No
EMP1956,43,Female,Sales,Analyst,Bachelor,8,109146,4,5,5,12,46,0,1,1,6,No
EMP1957,46,Female,Finance,Manager,Bachelor,4,72997,3,2,4,26,63,0,5,1,16,Yes
EMP1958,32,Female,IT,Analyst,MBA,9,32170,2,3,1,7,52,0,4,2,1,Yes
EMP1959,46,Female,Sales,Analyst,PhD,1,169375,2,3,3,9,76,1,5,2,10,No
EMP1960,33,Male,Operations,Engineer,Master,8,96743,1,4,5,7,75,1,2,4,6,No
EMP1961,38,Female,Finance,Engineer,Master,10,60187,1,1,5,19,43,0,0,5,16,No
EMP1962,45,Male,Operations,Executive,MBA,3,157965,2,5,5,7,27,0,4,3,2,No
EMP1963,53,Female,HR,Specialist,MBA,1,169825,5,4,2,8,1,1,3,5,5,Yes
EMP1964,32,Female,Finance,Analyst,MBA,5,63090,5,2,1,6,56,0,5,3,10,No
EMP1965,56,Female,Sales,Specialist,Diploma,13,84412,4,2,1,13,56,0,4,1,17,Yes
EMP1966,24,Male,Finance,Executive,Diploma,0,81030,1,2,1,27,33,1,3,2,17,No
EMP1967,25,Male,Operations,Analyst,Diploma,17,42509,4,4,1,1,57,0,3,2,9,No
EMP1968,57,Female,IT,Analyst,Bachelor,6,93653,1,5,1,7,51,0,1,1,4,Yes
EMP1969,28,Male,Finance,Associate,Master,0,154626,2,3,4,12,28,1,1,1,20,No
EMP1970,48,Male,Sales,Specialist,PhD,0,29042,5,1,5,20,34,0,4,3,14,Yes
EMP1971,51,Male,HR,Manager,Bachelor,0,62201,5,3,4,27,74,1,4,1,20,No
EMP1972,29,Female,Support,Engineer,Master,3,39016,2,5,2,34,47,1,2,3,19,No
EMP1973,49,Female,IT,Manager,Master,3,50022,4,3,3,22,32,1,0,5,3,No
EMP1974,34,Male,HR,Specialist,MBA,17,52938,4,4,5,14,74,0,0,2,20,No
EMP1975,42,Male,Finance,Engineer,MBA,10,143171,3,2,2,1,72,0,4,2,20,No
EMP1976,31,Male,Operations,Manager,Bachelor,0,86720,1,5,4,11,77,0,1,2,0,No
EMP1977,43,Female,Operations,Associate,MBA,9,130514,4,5,3,35,8,0,5,5,14,Yes
EMP1978,21,Female,Sales,Engineer,Master,8,158058,2,3,2,2,47,0,2,5,16,No
EMP1979,57,Male,Operations,Analyst,MBA,3,101478,4,4,3,4,66,0,0,4,18,Yes
EMP1980,41,Male,IT,Manager,Diploma,5,168233,5,3,2,2,35,0,4,3,13,No
EMP1981,46,Male,Operations,Engineer,MBA,15,176761,1,3,4,18,70,0,1,3,18,Yes
EMP1982,56,Female,Sales,Associate,Master,1,152101,3,5,3,1,43,0,1,4,17,No
EMP1983,43,Female,Support,Engineer,Bachelor,17,119699,1,3,2,36,59,1,1,2,1,Yes
EMP1984,21,Male,Finance,Engineer,PhD,9,124273,5,2,4,16,62,1,5,3,5,No
EMP1985,35,Male,Finance,Associate,MBA,16,88745,5,3,5,13,4,1,3,3,12,No
EMP1986,41,Male,Operations,Manager,Master,12,157283,5,2,4,27,75,0,5,2,16,No
EMP1987,29,Other,HR,Executive,PhD,17,156301,5,5,4,26,39,1,1,1,5,No
EMP1988,29,Male,Finance,Manager,PhD,12,143972,2,4,5,9,18,1,4,1,20,No
EMP1989,30,Female,Support,Specialist,Diploma,16,170417,3,2,4,2,46,0,2,4,4,No
EMP1990,46,Female,Operations,Associate,PhD,4,126489,5,4,5,35,64,0,5,5,6,Yes
EMP1991,55,Male,Sales,Manager,Master,10,56819,5,4,5,37,66,0,4,3,0,No
EMP1992,45,Male,Support,Engineer,Master,6,72779,4,2,5,24,17,0,1,3,12,No
EMP1993,46,Male,Operations,Associate,MBA,9,117244,3,5,2,21,49,0,2,4,18,No
EMP1994,31,Female,Support,Analyst,MBA,16,90584,1,1,3,38,29,0,0,4,0,Yes
EMP1995,58,Female,Finance,Manager,MBA,14,176022,3,4,2,29,65,1,0,3,12,No
EMP1996,22,Female,Sales,Associate,PhD,17,171245,3,4,5,20,4,0,4,2,10,No
EMP1997,27,Female,Operations,Manager,PhD,18,83032,3,5,3,29,41,0,2,2,6,No
EMP1998,38,Male,IT,Associate,Diploma,1,140074,5,5,3,27,4,1,4,5,19,No
EMP1999,47,Other,Sales,Engineer,MBA,3,124273,5,3,5,30,49,0,2,3,2,No
